complex_id,month,lawd_code5,property_type,area_bucket,median_price,weighted_price,trade_count,rent_count,jeonse_median,jeonse_ratio,drawdown_from_high,transaction_heat,reacceleration_score,liquidity_score,leader_score
27260|KOASIS|apartment|over_101,2026-03,27260,apartment,over_101,0.0,0.0,0.0,1.0,290000000.0,0.0,0.0,0.0,1.0,0.0,8.859223300970873
27260|e편한세상범어|apartment|59,2026-01,27260,apartment,59,550000000.0,550000000.0,1.0,0.0,0.0,0.0,0.0,1.0,1.0,33.33333333333333,72.71428571428571
27260|e편한세상범어|apartment|59,2026-02,27260,apartment,59,569000000.0,559500000.0,2.0,0.0,0.0,0.0,0.0,2.0,1.0,100.0,71.3216957605985
27260|e편한세상범어|apartment|59,2026-03,27260,apartment,59,569000000.0,564250000.0,0.0,0.0,0.0,0.0,0.0,0.0,1.0,100.0,68.93203883495146
27260|e편한세상범어|apartment|59,2026-04,27260,apartment,59,595000000.0,579625000.0,1.0,1.0,20000000.0,3.4505067931852493,0.0,1.0,0.3333333333333333,100.0,78.70182555780933
27260|e편한세상범어|apartment|84,2026-01,27260,apartment,84,745000000.0,745000000.0,17.0,10.0,327750000.0,43.99328859060403,0.0,17.0,1.0,54.83870967741935,80.28571428571428
27260|e편한세상범어|apartment|84,2026-02,27260,apartment,84,748000000.0,746500000.0,9.0,6.0,350000000.0,46.88546550569323,0.0,0.5294117647058824,1.0,83.87096774193549,79.55112219451371
27260|e편한세상범어|apartment|84,2026-03,27260,apartment,84,760000000.0,753250000.0,5.0,3.0,30000000.0,3.9827414537006307,0.0,0.38461538461538464,0.4117647058823529,100.0,79.85436893203884
27260|e편한세상범어|apartment|84,2026-04,27260,apartment,84,748000000.0,750625000.0,4.0,4.0,312000000.0,41.565362198168195,-0.34848987719880986,0.3870967741935484,0.34615384615384615,58.06451612903226,86.00405679513185
27260|e편한세상범어|apartment|unknown,2026-04,27260,apartment,unknown,0.0,0.0,0.0,5.0,309000000.0,0.0,0.0,0.0,1.0,0.0,20.99391480730223
27260|가든하이츠2|apartment|over_101,2026-02,27260,apartment,over_101,1045000000.0,1045000000.0,1.0,0.0,0.0,0.0,0.0,1.0,1.0,100.0,91.02244389027432
27260|가든하이츠2|apartment|over_101,2026-03,27260,apartment,over_101,1045000000.0,1045000000.0,0.0,1.0,50000000.0,4.784688995215311,0.0,0.0,1.0,100.0,90.29126213592234
27260|가든하이츠3|apartment|84,2026-02,27260,apartment,84,865000000.0,865000000.0,1.0,1.0,360000000.0,41.61849710982659,0.0,1.0,1.0,100.0,85.785536159601
27260|가든하이츠3|apartment|84,2026-03,27260,apartment,84,865000000.0,865000000.0,0.0,0.0,360000000.0,41.61849710982659,0.0,0.0,1.0,100.0,85.80097087378641
27260|가든하이츠3|apartment|84,2026-04,27260,apartment,84,865000000.0,865000000.0,0.0,1.0,20000000.0,2.312138728323699,0.0,0.0,0.0,100.0,89.4523326572008
27260|가든하이츠3|apartment|over_101,2026-01,27260,apartment,over_101,1160000000.0,1160000000.0,1.0,0.0,0.0,0.0,0.0,1.0,1.0,20.0,95.0
27260|가든하이츠3|apartment|over_101,2026-02,27260,apartment,over_101,1030000000.0,1095000000.0,1.0,1.0,630000000.0,57.534246575342465,-5.603448275862066,1.0,1.0,40.0,92.643391521197
27260|가든하이츠3|apartment|over_101,2026-03,27260,apartment,over_101,1040000000.0,1067500000.0,3.0,1.0,420000000.0,39.34426229508197,-7.974137931034486,3.0,2.0,100.0,91.50485436893204
27260|가든하이츠3|apartment|over_101,2026-04,27260,apartment,over_101,1030000000.0,1048750000.0,1.0,0.0,420000000.0,40.047675804529206,-9.590517241379315,0.6,2.0,100.0,93.30628803245436
27260|가든하이츠3|apartment|unknown,2026-04,27260,apartment,unknown,0.0,0.0,0.0,1.0,20000000.0,0.0,0.0,0.0,1.0,0.0,20.99391480730223
27260|경남타운|apartment|84,2026-01,27260,apartment,84,1350000000.0,1350000000.0,1.0,0.0,0.0,0.0,0.0,1.0,1.0,100.0,96.71428571428572
27260|경남타운|apartment|84,2026-02,27260,apartment,84,1350000000.0,1350000000.0,0.0,3.0,30000000.0,2.2222222222222223,0.0,0.0,1.0,100.0,96.25935162094763
27260|경남타운|apartment|84,2026-03,27260,apartment,84,1350000000.0,1350000000.0,0.0,2.0,172500000.0,12.777777777777777,0.0,0.0,0.0,100.0,96.35922330097088
27260|경남타운|apartment|over_101,2026-01,27260,apartment,over_101,0.0,0.0,0.0,2.0,35000000.0,0.0,0.0,0.0,1.0,0.0,17.142857142857142
27260|경남타운|apartment|over_101,2026-02,27260,apartment,over_101,1690000000.0,1690000000.0,1.0,2.0,70000000.0,4.142011834319527,0.0,1.0,1.0,100.0,99.00249376558602
27260|경남타운|apartment|over_101,2026-03,27260,apartment,over_101,1690000000.0,1690000000.0,0.0,1.0,200000000.0,11.834319526627219,0.0,0.0,1.0,100.0,99.02912621359224
27260|경남타운|apartment|over_101,2026-04,27260,apartment,over_101,1690000000.0,1690000000.0,0.0,2.0,250000000.0,14.792899408284024,0.0,0.0,0.0,100.0,98.88438133874239
27260|경남타운|apartment|unknown,2026-04,27260,apartment,unknown,0.0,0.0,0.0,2.0,250000000.0,0.0,0.0,0.0,1.0,0.0,20.99391480730223
27260|경일라임빌|apartment|84,2026-01,27260,apartment,84,0.0,0.0,0.0,1.0,30000000.0,0.0,0.0,0.0,1.0,0.0,17.142857142857142
27260|고산노변타운|apartment|59,2026-01,27260,apartment,59,185000000.0,185000000.0,1.0,2.0,10000000.0,5.405405405405405,0.0,1.0,1.0,50.0,42.0
27260|고산노변타운|apartment|59,2026-02,27260,apartment,59,185000000.0,185000000.0,0.0,0.0,10000000.0,5.405405405405405,0.0,0.0,1.0,50.0,30.049875311720697
27260|고산노변타운|apartment|59,2026-03,27260,apartment,59,185000000.0,185000000.0,0.0,3.0,20000000.0,10.81081081081081,0.0,0.0,0.0,50.0,27.9126213592233
27260|고산노변타운|apartment|59,2026-04,27260,apartment,59,207000000.0,196000000.0,2.0,3.0,150000000.0,76.53061224489795,0.0,6.0,2.0,100.0,48.782961460446245
27260|고산노변타운|apartment|84,2026-01,27260,apartment,84,0.0,0.0,0.0,1.0,230000000.0,0.0,0.0,0.0,1.0,0.0,17.142857142857142
27260|고산노변타운|apartment|84,2026-02,27260,apartment,84,300000000.0,300000000.0,1.0,2.0,115000000.0,38.333333333333336,0.0,1.0,1.0,33.33333333333333,46.38403990024938
27260|고산노변타운|apartment|84,2026-03,27260,apartment,84,325000000.0,312500000.0,1.0,0.0,115000000.0,36.8,0.0,2.0,1.0,66.66666666666666,45.26699029126214
27260|고산노변타운|apartment|84,2026-04,27260,apartment,84,320000000.0,316250000.0,1.0,1.0,199500000.0,63.08300395256917,0.0,1.5,2.0,100.0,60.649087221095336
27260|고산노변타운|apartment|over_101,2026-01,27260,apartment,over_101,0.0,0.0,0.0,1.0,10000000.0,0.0,0.0,0.0,1.0,0.0,17.142857142857142
27260|고산노변타운|apartment|unknown,2026-04,27260,apartment,unknown,0.0,0.0,0.0,4.0,150000000.0,0.0,0.0,0.0,1.0,0.0,20.99391480730223
27260|고산역화성파크드림|apartment|59,2026-04,27260,apartment,59,323000000.0,323000000.0,1.0,0.0,0.0,0.0,0.0,1.0,1.0,100.0,61.257606490872206
27260|고산역화성파크드림|apartment|84,2026-01,27260,apartment,84,0.0,0.0,0.0,2.0,285000000.0,0.0,0.0,0.0,1.0,0.0,17.142857142857142
27260|고산역화성파크드림|apartment|84,2026-02,27260,apartment,84,0.0,0.0,0.0,1.0,290000000.0,0.0,0.0,0.0,1.0,0.0,10.224438902743142
27260|고산역화성파크드림|apartment|84,2026-03,27260,apartment,84,0.0,0.0,0.0,1.0,30000000.0,0.0,0.0,0.0,1.0,0.0,8.859223300970873
27260|골든맨션|apartment|74,2026-03,27260,apartment,74,0.0,0.0,0.0,1.0,10000000.0,0.0,0.0,0.0,1.0,0.0,8.859223300970873
27260|공작맨션|apartment|59,2026-03,27260,apartment,59,0.0,0.0,0.0,1.0,100000000.0,0.0,0.0,0.0,1.0,0.0,8.859223300970873
27260|광명프레지던트|apartment|74,2026-03,27260,apartment,74,187000000.0,187000000.0,1.0,0.0,0.0,0.0,0.0,1.0,1.0,100.0,28.155339805825243
27260|광명프레지던트|apartment|74,2026-04,27260,apartment,74,187000000.0,187000000.0,0.0,1.0,10000000.0,5.347593582887701,0.0,0.0,1.0,100.0,48.275862068965516
27260|광명프레지던트|apartment|84,2026-03,27260,apartment,84,200000000.0,200000000.0,1.0,0.0,0.0,0.0,0.0,1.0,1.0,100.0,29.36893203883495
27260|광명프레지던트|apartment|over_101,2026-01,27260,apartment,over_101,0.0,0.0,0.0,1.0,10000000.0,0.0,0.0,0.0,1.0,0.0,17.142857142857142
27260|광명프레지던트|apartment|unknown,2026-04,27260,apartment,unknown,0.0,0.0,0.0,1.0,10000000.0,0.0,0.0,0.0,1.0,0.0,20.99391480730223
27260|궁전맨션|apartment|84,2026-01,27260,apartment,84,1045000000.0,1045000000.0,1.0,1.0,20000000.0,1.9138755980861244,0.0,1.0,1.0,25.0,91.42857142857143
27260|궁전맨션|apartment|84,2026-02,27260,apartment,84,1056000000.0,1050500000.0,3.0,1.0,200000000.0,19.03855306996668,0.0,3.0,1.0,100.0,91.2718204488778
27260|궁전맨션|apartment|84,2026-03,27260,apartment,84,1056000000.0,1053250000.0,0.0,1.0,250000000.0,23.736055067647758,0.0,0.0,1.5,100.0,90.53398058252428
27260|궁전맨션|apartment|84,2026-04,27260,apartment,84,1056000000.0,1054625000.0,0.0,1.0,220000000.0,20.860495436766623,0.0,0.0,0.0,75.0,93.50912778904666
27260|궁전맨션|apartment|over_101,2026-01,27260,apartment,over_101,0.0,0.0,0.0,2.0,35000000.0,0.0,0.0,0.0,1.0,0.0,17.142857142857142
27260|궁전맨션|apartment|over_101,2026-02,27260,apartment,over_101,1300000000.0,1300000000.0,1.0,1.0,30000000.0,2.307692307692308,0.0,1.0,1.0,100.0,95.51122194513717
27260|궁전맨션|apartment|over_101,2026-03,27260,apartment,over_101,1300000000.0,1300000000.0,0.0,2.0,185000000.0,14.23076923076923,0.0,0.0,1.0,100.0,95.26699029126213
27260|궁전맨션|apartment|over_101,2026-04,27260,apartment,over_101,1300000000.0,1300000000.0,0.0,1.0,100000000.0,7.6923076923076925,0.0,0.0,0.0,100.0,96.95740365111561
27260|궁전맨션|apartment|unknown,2026-04,27260,apartment,unknown,0.0,0.0,0.0,2.0,160000000.0,0.0,0.0,0.0,1.0,0.0,20.99391480730223
27260|낙원(1190-2)|apartment|59,2026-03,27260,apartment,59,0.0,0.0,0.0,1.0,10000000.0,0.0,0.0,0.0,1.0,0.0,8.859223300970873
27260|낙원(1190-2)|apartment|59,2026-04,27260,apartment,59,0.0,0.0,0.0,1.0,5000000.0,0.0,0.0,0.0,1.0,0.0,20.99391480730223
27260|낙원(1190-2)|apartment|unknown,2026-04,27260,apartment,unknown,0.0,0.0,0.0,1.0,5000000.0,0.0,0.0,0.0,1.0,0.0,20.99391480730223
27260|남광타운|apartment|59,2026-03,27260,apartment,59,124000000.0,124000000.0,2.0,0.0,0.0,0.0,0.0,2.0,1.0,100.0,19.174757281553397
27260|남광타운|apartment|59,2026-04,27260,apartment,59,124000000.0,124000000.0,0.0,1.0,10000000.0,8.064516129032258,0.0,0.0,1.0,100.0,43.20486815415821
27260|남광타운|apartment|unknown,2026-04,27260,apartment,unknown,0.0,0.0,0.0,1.0,10000000.0,0.0,0.0,0.0,1.0,0.0,20.99391480730223
27260|노변다숲|apartment|59,2026-01,27260,apartment,59,135750000.0,135750000.0,4.0,3.0,10000000.0,7.366482504604052,0.0,4.0,1.0,80.0,37.142857142857146
27260|노변다숲|apartment|59,2026-02,27260,apartment,59,110000000.0,122875000.0,1.0,3.0,110000000.0,89.52187182095625,-9.48434622467772,0.25,1.0,100.0,22.443890274314214
27260|노변다숲|apartment|59,2026-03,27260,apartment,59,110000000.0,116437500.0,0.0,1.0,120000000.0,103.05958132045087,-14.226519337016574,0.0,0.125,100.0,18.689320388349515
27260|노변다숲|apartment|59,2026-04,27260,apartment,59,125000000.0,120718750.0,1.0,4.0,112500000.0,93.19181982914833,-11.07274401473296,0.6,0.2,40.0,42.59634888438134
27260|노변다숲|apartment|under_40,2026-01,27260,apartment,under_40,0.0,0.0,0.0,1.0,110000000.0,0.0,0.0,0.0,1.0,0.0,17.142857142857142
27260|노변다숲|apartment|under_40,2026-02,27260,apartment,under_40,0.0,0.0,0.0,0.0,110000000.0,0.0,0.0,0.0,1.0,0.0,10.224438902743142
27260|노변다숲|apartment|under_40,2026-03,27260,apartment,under_40,102000000.0,102000000.0,1.0,0.0,110000000.0,107.84313725490196,0.0,1.0,1.0,100.0,18.203883495145632
27260|노변다숲|apartment|unknown,2026-04,27260,apartment,unknown,0.0,0.0,0.0,4.0,112500000.0,0.0,0.0,0.0,1.0,0.0,20.99391480730223
27260|노변대백|apartment|59,2026-02,27260,apartment,59,167000000.0,167000000.0,1.0,0.0,0.0,0.0,0.0,1.0,1.0,33.33333333333333,26.932668329177055
27260|노변대백|apartment|59,2026-03,27260,apartment,59,164000000.0,165500000.0,1.0,0.0,0.0,0.0,-0.8982035928143728,1.0,1.0,66.66666666666666,25.485436893203882
27260|노변대백|apartment|59,2026-04,27260,apartment,59,170000000.0,167750000.0,1.0,0.0,0.0,0.0,0.0,1.0,1.0,100.0,47.05882352941176
27260|노변대백|apartment|84,2026-01,27260,apartment,84,0.0,0.0,0.0,1.0,30000000.0,0.0,0.0,0.0,1.0,0.0,17.142857142857142
27260|노변대백|apartment|84,2026-02,27260,apartment,84,240000000.0,240000000.0,1.0,1.0,130000000.0,54.166666666666664,0.0,1.0,1.0,100.0,37.65586034912718
27260|노변대백|apartment|over_101,2026-03,27260,apartment,over_101,365000000.0,365000000.0,1.0,0.0,0.0,0.0,0.0,1.0,1.0,50.0,51.45631067961165
27260|노변대백|apartment|over_101,2026-04,27260,apartment,over_101,300000000.0,332500000.0,1.0,0.0,0.0,0.0,-8.904109589041099,1.0,1.0,100.0,62.47464503042597
27260|노변동서우방|apartment|59,2026-03,27260,apartment,59,268000000.0,268000000.0,1.0,1.0,170000000.0,63.43283582089553,0.0,1.0,1.0,100.0,38.592233009708735
27260|노변동서우방|apartment|84,2026-03,27260,apartment,84,380000000.0,380000000.0,1.0,0.0,0.0,0.0,0.0,1.0,1.0,100.0,53.03398058252428
27260|노변청구|apartment|59,2026-01,27260,apartment,59,225000000.0,225000000.0,3.0,3.0,155000000.0,68.88888888888889,0.0,3.0,1.0,75.0,45.42857142857143
27260|노변청구|apartment|59,2026-02,27260,apartment,59,225000000.0,225000000.0,0.0,2.0,75000000.0,33.33333333333333,0.0,0.0,1.0,75.0,34.91271820448878
27260|노변청구|apartment|59,2026-03,27260,apartment,59,220000000.0,222500000.0,1.0,3.0,160000000.0,71.91011235955057,-1.1111111111111072,0.6666666666666666,0.16666666666666666,100.0,32.40291262135923
27260|노변청구|apartment|59,2026-04,27260,apartment,59,220000000.0,221250000.0,0.0,2.0,10000000.0,4.519774011299435,-1.6666666666666718,0.0,0.3333333333333333,25.0,50.91277890466531
27260|노변청구|apartment|84,2026-01,27260,apartment,84,422000000.0,422000000.0,1.0,0.0,0.0,0.0,0.0,1.0,1.0,33.33333333333333,65.14285714285715
27260|노변청구|apartment|84,2026-02,27260,apartment,84,330000000.0,376000000.0,1.0,1.0,250000000.0,66.48936170212765,-10.900473933649291,1.0,1.0,66.66666666666666,53.86533665835411
27260|노변청구|apartment|84,2026-03,27260,apartment,84,330000000.0,353000000.0,1.0,1.0,250000000.0,70.82152974504248,-16.35071090047393,1.0,1.0,100.0,50.728155339805824
27260|노변청구|apartment|84,2026-04,27260,apartment,84,330000000.0,341500000.0,0.0,1.0,30000000.0,8.784773060029282,-19.075829383886255,0.0,0.5,66.66666666666666,63.894523326572006
27260|노변청구|apartment|unknown,2026-04,27260,apartment,unknown,0.0,0.0,0.0,3.0,10000000.0,0.0,0.0,0.0,1.0,0.0,20.99391480730223
27260|녹원맨션|apartment|84,2026-01,27260,apartment,84,325000000.0,325000000.0,1.0,0.0,0.0,0.0,0.0,1.0,1.0,20.0,57.285714285714285
27260|녹원맨션|apartment|84,2026-02,27260,apartment,84,320000000.0,322500000.0,1.0,0.0,0.0,0.0,-0.7692307692307665,1.0,1.0,40.0,50.12468827930174
27260|녹원맨션|apartment|84,2026-03,27260,apartment,84,329000000.0,325750000.0,2.0,1.0,190000000.0,58.32693783576362,0.0,2.0,1.5,80.0,47.33009708737864
27260|녹원맨션|apartment|84,2026-04,27260,apartment,84,303000000.0,314375000.0,2.0,1.0,20000000.0,6.36182902584493,-3.49194167306216,1.5,2.0,100.0,60.446247464503045
27260|녹원맨션|apartment|over_101,2026-01,27260,apartment,over_101,0.0,0.0,0.0,1.0,20000000.0,0.0,0.0,0.0,1.0,0.0,17.142857142857142
27260|녹원맨션|apartment|over_101,2026-02,27260,apartment,over_101,398000000.0,398000000.0,1.0,0.0,20000000.0,5.025125628140704,0.0,1.0,1.0,100.0,57.605985037406484
27260|녹원맨션|apartment|unknown,2026-04,27260,apartment,unknown,0.0,0.0,0.0,1.0,20000000.0,0.0,0.0,0.0,1.0,0.0,20.99391480730223
27260|누리타운|apartment|59,2026-01,27260,apartment,59,177000000.0,177000000.0,2.0,4.0,47500000.0,26.836158192090398,0.0,2.0,1.0,22.22222222222222,40.85714285714286
27260|누리타운|apartment|59,2026-02,27260,apartment,59,160000000.0,168500000.0,2.0,3.0,10000000.0,5.934718100890208,-4.802259887005644,1.0,1.0,44.44444444444444,27.18204488778055
27260|누리타운|apartment|59,2026-03,27260,apartment,59,145000000.0,156750000.0,5.0,2.0,126500000.0,80.7017543859649,-11.440677966101697,2.5,1.75,100.0,24.271844660194176
27260|누리타운|apartment|59,2026-04,27260,apartment,59,170500000.0,163625000.0,2.0,2.0,82500000.0,50.42016806722689,-7.556497175141241,0.6666666666666666,1.75,100.0,46.45030425963489
27260|누리타운|apartment|unknown,2026-04,27260,apartment,unknown,0.0,0.0,0.0,2.0,82500000.0,0.0,0.0,0.0,1.0,0.0,20.99391480730223
27260|담티힐즈|apartment|84,2026-01,27260,apartment,84,390000000.0,390000000.0,1.0,0.0,0.0,0.0,0.0,1.0,1.0,50.0,62.142857142857146
27260|담티힐즈|apartment|84,2026-02,27260,apartment,84,400000000.0,395000000.0,1.0,1.0,300000000.0,75.9493670886076,0.0,1.0,1.0,100.0,57.107231920199496
27260|대구시지푸르지오|apartment|84,2026-01,27260,apartment,84,299500000.0,299500000.0,2.0,0.0,0.0,0.0,0.0,2.0,1.0,50.0,53.57142857142857
27260|대구시지푸르지오|apartment|84,2026-02,27260,apartment,84,315000000.0,307250000.0,1.0,0.0,0.0,0.0,0.0,0.5,1.0,75.0,47.880299251870326
27260|대구시지푸르지오|apartment|84,2026-03,27260,apartment,84,322500000.0,314875000.0,1.0,1.0,250000000.0,79.3965859468043,0.0,0.6666666666666666,0.5,100.0,45.63106796116505
27260|대구시지푸르지오|apartment|84,2026-04,27260,apartment,84,370000000.0,342437500.0,1.0,1.0,250000000.0,73.00602299689724,0.0,0.75,0.6666666666666666,75.0,64.09736308316431
27260|대구시지푸르지오|apartment|over_101,2026-01,27260,apartment,over_101,0.0,0.0,0.0,1.0,20000000.0,0.0,0.0,0.0,1.0,0.0,17.142857142857142
27260|대구시지푸르지오|apartment|unknown,2026-04,27260,apartment,unknown,0.0,0.0,0.0,1.0,250000000.0,0.0,0.0,0.0,1.0,0.0,20.99391480730223
27260|대림이편한세상|apartment|74,2026-03,27260,apartment,74,433000000.0,433000000.0,1.0,0.0,0.0,0.0,0.0,1.0,1.0,100.0,59.70873786407766
27260|대림이편한세상|apartment|84,2026-02,27260,apartment,84,485000000.0,485000000.0,1.0,0.0,0.0,0.0,0.0,1.0,1.0,25.0,65.5860349127182
27260|대림이편한세상|apartment|84,2026-03,27260,apartment,84,490000000.0,487500000.0,2.0,0.0,0.0,0.0,0.0,2.0,1.0,75.0,63.713592233009706
27260|대림이편한세상|apartment|84,2026-04,27260,apartment,84,495000000.0,491250000.0,1.0,0.0,0.0,0.0,0.0,0.6666666666666666,1.5,100.0,74.84787018255578
27260|대림이편한세상|apartment|over_101,2026-01,27260,apartment,over_101,682500000.0,682500000.0,2.0,0.0,0.0,0.0,0.0,2.0,1.0,66.66666666666666,78.85714285714286
27260|대림이편한세상|apartment|over_101,2026-02,27260,apartment,over_101,580000000.0,631250000.0,1.0,0.0,0.0,0.0,-7.509157509157505,0.5,1.0,100.0,75.93516209476309
27260|대림이편한세상|apartment|over_101,2026-03,27260,apartment,over_101,580000000.0,605625000.0,0.0,0.0,0.0,0.0,-11.263736263736268,0.0,0.25,100.0,72.81553398058253
27260|대림이편한세상|apartment|over_101,2026-04,27260,apartment,over_101,770000000.0,687812500.0,2.0,0.0,0.0,0.0,0.0,2.0,0.6666666666666666,100.0,84.38133874239351
27260|대백|apartment|59,2026-01,27260,apartment,59,0.0,0.0,0.0,1.0,10000000.0,0.0,0.0,0.0,1.0,0.0,17.142857142857142
27260|대백|apartment|84,2026-02,27260,apartment,84,224000000.0,224000000.0,2.0,1.0,20000000.0,8.928571428571429,0.0,2.0,1.0,66.66666666666666,34.66334164588529
27260|대백|apartment|84,2026-03,27260,apartment,84,224000000.0,224000000.0,0.0,1.0,20000000.0,8.928571428571429,0.0,0.0,1.0,66.66666666666666,32.76699029126214
27260|대백|apartment|84,2026-04,27260,apartment,84,215000000.0,219500000.0,1.0,0.0,20000000.0,9.111617312072893,-2.00892857142857,1.0,0.25,100.0,50.30425963488844
27260|대우트럼프월드수성|apartment|101,2026-03,27260,apartment,101,630000000.0,630000000.0,2.0,1.0,50000000.0,7.936507936507936,0.0,2.0,1.0,66.66666666666666,74.51456310679612
27260|대우트럼프월드수성|apartment|101,2026-04,27260,apartment,101,685000000.0,657500000.0,1.0,0.0,50000000.0,7.604562737642586,0.0,0.5,1.0,100.0,82.96146044624746
27260|대우트럼프월드수성|apartment|84,2026-01,27260,apartment,84,0.0,0.0,0.0,1.0,20000000.0,0.0,0.0,0.0,1.0,0.0,17.142857142857142
27260|대우트럼프월드수성|apartment|84,2026-02,27260,apartment,84,619000000.0,619000000.0,2.0,2.0,170000000.0,27.463651050080774,0.0,2.0,1.0,33.33333333333333,75.06234413965088
27260|대우트럼프월드수성|apartment|84,2026-03,27260,apartment,84,510000000.0,564500000.0,3.0,1.0,340000000.0,60.23029229406555,-8.804523424878841,3.0,1.0,83.33333333333334,69.1747572815534
27260|대우트럼프월드수성|apartment|84,2026-04,27260,apartment,84,630000000.0,597250000.0,1.0,0.0,340000000.0,56.927584763499375,-3.513731825525035,0.6,2.0,100.0,80.12170385395537
27260|대우트럼프월드수성|apartment|over_101,2026-01,27260,apartment,over_101,710000000.0,710000000.0,1.0,0.0,0.0,0.0,0.0,1.0,1.0,16.666666666666664,79.71428571428572
27260|대우트럼프월드수성|apartment|over_101,2026-02,27260,apartment,over_101,710000000.0,710000000.0,1.0,2.0,215000000.0,30.28169014084507,0.0,1.0,1.0,33.33333333333333,79.05236907730672
27260|대우트럼프월드수성|apartment|over_101,2026-03,27260,apartment,over_101,747000000.0,728500000.0,3.0,1.0,30000000.0,4.118050789293068,0.0,3.0,2.0,83.33333333333334,78.39805825242718
27260|대우트럼프월드수성|apartment|over_101,2026-04,27260,apartment,over_101,767500000.0,748000000.0,2.0,0.0,30000000.0,4.010695187165775,0.0,1.2,2.5,100.0,85.59837728194725
27260|대자연맨션1차|apartment|59,2026-01,27260,apartment,59,0.0,0.0,0.0,1.0,80000000.0,0.0,0.0,0.0,1.0,0.0,17.142857142857142
27260|대자연맨션1차|apartment|59,2026-02,27260,apartment,59,129000000.0,129000000.0,1.0,0.0,80000000.0,62.01550387596899,0.0,1.0,1.0,100.0,22.693266832917704
27260|대자연맨션1차|apartment|74,2026-03,27260,apartment,74,0.0,0.0,0.0,2.0,30000000.0,0.0,0.0,0.0,1.0,0.0,8.859223300970873
27260|대자연맨션1차|apartment|84,2026-01,27260,apartment,84,0.0,0.0,0.0,2.0,75000000.0,0.0,0.0,0.0,1.0,0.0,17.142857142857142
27260|대자연맨션1차|apartment|84,2026-02,27260,apartment,84,0.0,0.0,0.0,1.0,10000000.0,0.0,0.0,0.0,1.0,0.0,10.224438902743142
27260|대자연맨션1차|apartment|84,2026-03,27260,apartment,84,0.0,0.0,0.0,0.0,10000000.0,0.0,0.0,0.0,1.0,0.0,8.859223300970873
27260|대자연맨션1차|apartment|84,2026-04,27260,apartment,84,0.0,0.0,0.0,2.0,110000000.0,0.0,0.0,0.0,1.0,0.0,20.99391480730223
27260|대자연맨션1차|apartment|unknown,2026-04,27260,apartment,unknown,0.0,0.0,0.0,2.0,110000000.0,0.0,0.0,0.0,1.0,0.0,20.99391480730223
27260|대자연맨션2차|apartment|59,2026-03,27260,apartment,59,145000000.0,145000000.0,1.0,0.0,0.0,0.0,0.0,1.0,1.0,100.0,21.35922330097087
27260|대자연맨션2차|apartment|84,2026-03,27260,apartment,84,230000000.0,230000000.0,1.0,0.0,0.0,0.0,0.0,1.0,1.0,100.0,33.737864077669904
27260|더샵수성라크에르|apartment|59,2026-01,27260,apartment,59,0.0,0.0,0.0,2.0,280000000.0,0.0,0.0,0.0,1.0,0.0,17.142857142857142
27260|더샵수성라크에르|apartment|59,2026-02,27260,apartment,59,465000000.0,465000000.0,1.0,2.0,285000000.0,61.29032258064516,0.0,1.0,1.0,33.33333333333333,64.46384039900249
27260|더샵수성라크에르|apartment|59,2026-03,27260,apartment,59,465000000.0,465000000.0,0.0,1.0,20000000.0,4.301075268817205,0.0,0.0,1.0,33.33333333333333,62.13592233009708
27260|더샵수성라크에르|apartment|59,2026-04,27260,apartment,59,428500000.0,446750000.0,2.0,0.0,20000000.0,4.476776720761052,-3.9247311827957043,6.0,2.0,100.0,71.80527383367141
27260|더샵수성라크에르|apartment|74,2026-01,27260,apartment,74,0.0,0.0,0.0,1.0,40000000.0,0.0,0.0,0.0,1.0,0.0,17.142857142857142
27260|더샵수성라크에르|apartment|74,2026-02,27260,apartment,74,600000000.0,600000000.0,1.0,1.0,310000000.0,51.66666666666667,0.0,1.0,1.0,33.33333333333333,73.44139650872819
27260|더샵수성라크에르|apartment|74,2026-03,27260,apartment,74,561000000.0,580500000.0,2.0,0.0,310000000.0,53.402239448751075,-3.2499999999999973,4.0,1.0,100.0,70.14563106796116
27260|더샵수성라크에르|apartment|84,2026-01,27260,apartment,84,625000000.0,625000000.0,4.0,3.0,410000000.0,65.60000000000001,0.0,4.0,1.0,40.0,76.85714285714286
27260|더샵수성라크에르|apartment|84,2026-02,27260,apartment,84,665000000.0,645000000.0,1.0,0.0,410000000.0,63.565891472868216,0.0,0.25,1.0,50.0,76.68329177057358
27260|더샵수성라크에르|apartment|84,2026-03,27260,apartment,84,665000000.0,655000000.0,5.0,0.0,410000000.0,62.59541984732825,0.0,2.0,0.75,100.0,76.2135922330097
27260|더샵수성라크에르|apartment|84,2026-04,27260,apartment,84,678500000.0,666750000.0,3.0,3.0,150000000.0,22.49718785151856,0.0,0.8999999999999999,1.6,90.0,83.77281947261663
27260|더샵수성라크에르|apartment|over_101,2026-03,27260,apartment,over_101,0.0,0.0,0.0,1.0,550000000.0,0.0,0.0,0.0,1.0,0.0,8.859223300970873
27260|더샵수성라크에르|apartment|unknown,2026-04,27260,apartment,unknown,0.0,0.0,0.0,3.0,150000000.0,0.0,0.0,0.0,1.0,0.0,20.99391480730223
27260|더샵수성오클레어|apartment|59,2026-01,27260,apartment,59,297000000.0,297000000.0,1.0,0.0,0.0,0.0,0.0,1.0,1.0,100.0,53.142857142857146
27260|더샵수성오클레어|apartment|59,2026-02,27260,apartment,59,297000000.0,297000000.0,0.0,3.0,210000000.0,70.70707070707071,0.0,0.0,1.0,100.0,45.38653366583541
27260|더샵수성오클레어|apartment|59,2026-03,27260,apartment,59,297000000.0,297000000.0,0.0,1.0,189000000.0,63.63636363636363,0.0,0.0,0.0,100.0,42.71844660194174
27260|더샵수성오클레어|apartment|59,2026-04,27260,apartment,59,297000000.0,297000000.0,0.0,2.0,20000000.0,6.7340067340067336,0.0,0.0,0.0,0.0,58.620689655172406
27260|더샵수성오클레어|apartment|84,2026-01,27260,apartment,84,0.0,0.0,0.0,2.0,30000000.0,0.0,0.0,0.0,1.0,0.0,17.142857142857142
27260|더샵수성오클레어|apartment|84,2026-02,27260,apartment,84,0.0,0.0,0.0,1.0,350000000.0,0.0,0.0,0.0,1.0,0.0,10.224438902743142
27260|더샵수성오클레어|apartment|unknown,2026-04,27260,apartment,unknown,0.0,0.0,0.0,2.0,20000000.0,0.0,0.0,0.0,1.0,0.0,20.99391480730223
27260|더테라스|apartment|84,2026-01,27260,apartment,84,240000000.0,240000000.0,1.0,0.0,0.0,0.0,0.0,1.0,1.0,33.33333333333333,47.57142857142857
27260|더테라스|apartment|84,2026-02,27260,apartment,84,234000000.0,237000000.0,1.0,0.0,0.0,0.0,-1.2499999999999956,1.0,1.0,66.66666666666666,37.1571072319202
27260|더테라스|apartment|84,2026-03,27260,apartment,84,250000000.0,243500000.0,1.0,1.0,160000000.0,65.70841889117042,0.0,1.0,1.0,100.0,35.19417475728155
27260|더테라스|apartment|84,2026-04,27260,apartment,84,250000000.0,246750000.0,1.0,0.0,160000000.0,64.84295845997974,0.0,1.0,1.0,100.0,53.7525354969574
27260|더트루엘수성|apartment|74,2026-04,27260,apartment,74,0.0,0.0,0.0,1.0,30000000.0,0.0,0.0,0.0,1.0,0.0,20.99391480730223
27260|더트루엘수성|apartment|84,2026-01,27260,apartment,84,0.0,0.0,0.0,1.0,30000000.0,0.0,0.0,0.0,1.0,0.0,17.142857142857142
27260|더트루엘수성|apartment|84,2026-02,27260,apartment,84,620000000.0,620000000.0,1.0,1.0,20000000.0,3.225806451612903,0.0,1.0,1.0,33.33333333333333,75.43640897755611
27260|더트루엘수성|apartment|84,2026-03,27260,apartment,84,620000000.0,620000000.0,0.0,0.0,20000000.0,3.225806451612903,0.0,0.0,1.0,33.33333333333333,74.27184466019418
27260|더트루엘수성|apartment|84,2026-04,27260,apartment,84,504500000.0,562250000.0,2.0,0.0,20000000.0,3.5571365051133834,-9.314516129032258,6.0,2.0,100.0,77.89046653144015
27260|더트루엘수성|apartment|unknown,2026-04,27260,apartment,unknown,0.0,0.0,0.0,1.0,30000000.0,0.0,0.0,0.0,1.0,0.0,20.99391480730223
27260|더파크수성못|apartment|84,2026-03,27260,apartment,84,0.0,0.0,0.0,1.0,50000000.0,0.0,0.0,0.0,1.0,0.0,8.859223300970873
27260|더파크수성못|apartment|84,2026-04,27260,apartment,84,0.0,0.0,0.0,1.0,50000000.0,0.0,0.0,0.0,1.0,0.0,20.99391480730223
27260|더파크수성못|apartment|unknown,2026-04,27260,apartment,unknown,0.0,0.0,0.0,1.0,50000000.0,0.0,0.0,0.0,1.0,0.0,20.99391480730223
27260|동서맨션|apartment|84,2026-01,27260,apartment,84,217500000.0,217500000.0,2.0,0.0,0.0,0.0,0.0,2.0,1.0,66.66666666666666,44.285714285714285
27260|동서맨션|apartment|84,2026-02,27260,apartment,84,217500000.0,217500000.0,0.0,0.0,0.0,0.0,0.0,0.0,1.0,66.66666666666666,33.66583541147132
27260|동서맨션|apartment|84,2026-03,27260,apartment,84,195000000.0,206250000.0,1.0,0.0,0.0,0.0,-5.1724137931034475,1.0,0.25,100.0,29.85436893203883
27260|동서맨션|apartment|84,2026-04,27260,apartment,84,270000000.0,238125000.0,1.0,1.0,200000000.0,83.98950131233596,0.0,1.0,1.0,66.66666666666666,51.926977687626774
27260|동서맨션|apartment|over_101,2026-02,27260,apartment,over_101,200000000.0,200000000.0,1.0,0.0,0.0,0.0,0.0,1.0,1.0,100.0,31.296758104738153
27260|동서맨션|apartment|unknown,2026-04,27260,apartment,unknown,0.0,0.0,0.0,1.0,200000000.0,0.0,0.0,0.0,1.0,0.0,20.99391480730223
27260|동서무학|apartment|59,2026-01,27260,apartment,59,0.0,0.0,0.0,2.0,10000000.0,0.0,0.0,0.0,1.0,0.0,17.142857142857142
27260|동서무학|apartment|59,2026-02,27260,apartment,59,137000000.0,137000000.0,1.0,0.0,10000000.0,7.2992700729927,0.0,1.0,1.0,100.0,23.940149625935163
27260|동서무학|apartment|59,2026-03,27260,apartment,59,137000000.0,137000000.0,0.0,0.0,10000000.0,7.2992700729927,0.0,0.0,1.0,100.0,20.631067961165048
27260|동서무학|apartment|59,2026-04,27260,apartment,59,137000000.0,137000000.0,0.0,1.0,10000000.0,7.2992700729927,0.0,0.0,0.0,100.0,43.6105476673428
27260|동서무학|apartment|84,2026-03,27260,apartment,84,0.0,0.0,0.0,1.0,20000000.0,0.0,0.0,0.0,1.0,0.0,8.859223300970873
27260|동서무학|apartment|84,2026-04,27260,apartment,84,200000000.0,200000000.0,1.0,0.0,20000000.0,10.0,0.0,1.0,1.0,100.0,49.08722109533469
27260|동서무학|apartment|unknown,2026-04,27260,apartment,unknown,0.0,0.0,0.0,1.0,10000000.0,0.0,0.0,0.0,1.0,0.0,20.99391480730223
27260|동양아파트(201동)|apartment|84,2026-02,27260,apartment,84,195000000.0,195000000.0,1.0,0.0,0.0,0.0,0.0,1.0,1.0,100.0,30.54862842892768
27260|동양아파트(201동)|apartment|84,2026-03,27260,apartment,84,195000000.0,195000000.0,0.0,1.0,83000000.0,42.56410256410256,0.0,0.0,1.0,100.0,29.004854368932037
27260|동양아파트(201동)|apartment|over_101,2026-04,27260,apartment,over_101,0.0,0.0,0.0,1.0,30000000.0,0.0,0.0,0.0,1.0,0.0,20.99391480730223
27260|동양아파트(201동)|apartment|unknown,2026-04,27260,apartment,unknown,0.0,0.0,0.0,1.0,30000000.0,0.0,0.0,0.0,1.0,0.0,20.99391480730223
27260|동양엘레브|apartment|84,2026-03,27260,apartment,84,425000000.0,425000000.0,1.0,1.0,20000000.0,4.705882352941177,0.0,1.0,1.0,50.0,58.495145631067956
27260|동양엘레브|apartment|84,2026-04,27260,apartment,84,470000000.0,447500000.0,1.0,0.0,20000000.0,4.4692737430167595,0.0,1.0,1.0,100.0,72.00811359026369
27260|동양엘레브|apartment|over_101,2026-03,27260,apartment,over_101,605000000.0,605000000.0,1.0,0.0,0.0,0.0,0.0,1.0,1.0,50.0,72.57281553398059
27260|동양엘레브|apartment|over_101,2026-04,27260,apartment,over_101,650000000.0,627500000.0,1.0,0.0,0.0,0.0,0.0,1.0,1.0,100.0,81.7444219066937
27260|동진|apartment|59,2026-01,27260,apartment,59,285000000.0,285000000.0,1.0,0.0,0.0,0.0,0.0,1.0,1.0,100.0,51.57142857142857
27260|동진|apartment|59,2026-02,27260,apartment,59,285000000.0,285000000.0,0.0,0.0,0.0,0.0,0.0,0.0,1.0,100.0,43.01745635910225
27260|동진|apartment|59,2026-03,27260,apartment,59,285000000.0,285000000.0,0.0,1.0,10000000.0,3.508771929824561,0.0,0.0,0.0,100.0,40.898058252427184
27260|두레타운|apartment|under_40,2026-01,27260,apartment,under_40,103000000.0,103000000.0,1.0,5.0,80000000.0,77.66990291262135,0.0,1.0,1.0,33.33333333333333,35.714285714285715
27260|두레타운|apartment|under_40,2026-02,27260,apartment,under_40,103500000.0,103250000.0,2.0,9.0,5000000.0,4.842615012106537,0.0,2.0,1.0,100.0,21.695760598503743
27260|두레타운|apartment|under_40,2026-03,27260,apartment,under_40,103500000.0,103375000.0,0.0,2.0,88500000.0,85.61064087061668,0.0,0.0,1.0,100.0,18.446601941747574
27260|두레타운|apartment|under_40,2026-04,27260,apartment,under_40,102000000.0,102687500.0,1.0,4.0,5000000.0,4.869141813755325,-0.6650544135429315,1.0,0.3333333333333333,100.0,41.98782961460446
27260|두레타운|apartment|unknown,2026-04,27260,apartment,unknown,0.0,0.0,0.0,4.0,5000000.0,0.0,0.0,0.0,1.0,0.0,20.99391480730223
27260|두산위브더제니스|apartment|over_101,2026-01,27260,apartment,over_101,1892500000.0,1892500000.0,10.0,3.0,100000000.0,5.284015852047556,0.0,10.0,1.0,45.45454545454545,99.71428571428571
27260|두산위브더제니스|apartment|over_101,2026-02,27260,apartment,over_101,2380000000.0,2136250000.0,6.0,3.0,1000000000.0,46.811000585137506,0.0,0.6,1.0,72.72727272727273,99.50124688279301
27260|두산위브더제니스|apartment|over_101,2026-03,27260,apartment,over_101,2065000000.0,2100625000.0,6.0,7.0,830000000.0,39.512049985123475,-1.6676418958455286,0.75,0.6,100.0,99.75728155339806
27260|두산위브더제니스|apartment|over_101,2026-04,27260,apartment,over_101,2200000000.0,2150312500.0,9.0,2.0,450000000.0,20.927190815288476,0.0,1.2272727272727273,0.9375,95.45454545454545,99.79716024340772
27260|두산위브더제니스|apartment|unknown,2026-04,27260,apartment,unknown,0.0,0.0,0.0,2.0,450000000.0,0.0,0.0,0.0,1.0,0.0,20.99391480730223
27260|두성|apartment|59,2026-01,27260,apartment,59,128500000.0,128500000.0,2.0,3.0,10000000.0,7.782101167315175,0.0,2.0,1.0,50.0,36.285714285714285
27260|두성|apartment|59,2026-02,27260,apartment,59,139000000.0,133750000.0,1.0,1.0,10000000.0,7.476635514018691,0.0,0.5,1.0,75.0,23.44139650872818
27260|두성|apartment|59,2026-03,27260,apartment,59,160000000.0,146875000.0,1.0,3.0,100000000.0,68.08510638297872,0.0,0.6666666666666666,0.5,100.0,22.0873786407767
27260|두성|apartment|59,2026-04,27260,apartment,59,132000000.0,139437500.0,2.0,1.0,10000000.0,7.171671896010758,-5.063829787234042,1.5,1.0,100.0,44.01622718052739
27260|두성|apartment|84,2026-01,27260,apartment,84,250000000.0,250000000.0,2.0,1.0,20000000.0,8.0,0.0,2.0,1.0,100.0,48.285714285714285
27260|두성|apartment|84,2026-02,27260,apartment,84,250000000.0,250000000.0,0.0,0.0,20000000.0,8.0,0.0,0.0,1.0,100.0,38.77805486284289
27260|두성|apartment|84,2026-03,27260,apartment,84,250000000.0,250000000.0,0.0,0.0,20000000.0,8.0,0.0,0.0,0.0,100.0,36.16504854368932
27260|두성|apartment|84,2026-04,27260,apartment,84,253000000.0,251500000.0,1.0,1.0,20000000.0,7.952286282306163,0.0,1.5,0.5,50.0,54.76673427991886
27260|두성|apartment|unknown,2026-04,27260,apartment,unknown,0.0,0.0,0.0,2.0,15000000.0,0.0,0.0,0.0,1.0,0.0,20.99391480730223
27260|드림팰리스101동|apartment|84,2026-04,27260,apartment,84,0.0,0.0,0.0,1.0,20000000.0,0.0,0.0,0.0,1.0,0.0,20.99391480730223
27260|드림팰리스101동|apartment|unknown,2026-04,27260,apartment,unknown,0.0,0.0,0.0,1.0,20000000.0,0.0,0.0,0.0,1.0,0.0,20.99391480730223
27260|래미안수성|apartment|over_101,2026-01,27260,apartment,over_101,793500000.0,793500000.0,2.0,2.0,270000000.0,34.02646502835538,0.0,2.0,1.0,16.666666666666664,84.28571428571429
27260|래미안수성|apartment|over_101,2026-02,27260,apartment,over_101,772000000.0,782750000.0,3.0,1.0,200000000.0,25.550942190993293,-1.3547574039067478,1.5,1.0,41.66666666666667,83.0423940149626
27260|래미안수성|apartment|over_101,2026-03,27260,apartment,over_101,840000000.0,811375000.0,5.0,1.0,400000000.0,49.299029425358185,0.0,2.0,2.0,83.33333333333334,83.98058252427184
27260|래미안수성|apartment|over_101,2026-04,27260,apartment,over_101,795000000.0,803187500.0,4.0,1.0,50000000.0,6.225196482763987,-1.0090895085502982,1.2,1.8,100.0,87.82961460446246
27260|래미안수성|apartment|unknown,2026-04,27260,apartment,unknown,0.0,0.0,0.0,1.0,50000000.0,0.0,0.0,0.0,1.0,0.0,20.99391480730223
27260|럭키골든|apartment|74,2026-03,27260,apartment,74,0.0,0.0,0.0,2.0,100000000.0,0.0,0.0,0.0,1.0,0.0,8.859223300970873
27260|럭키골든|apartment|74,2026-04,27260,apartment,74,0.0,0.0,0.0,1.0,5000000.0,0.0,0.0,0.0,1.0,0.0,20.99391480730223
27260|럭키골든|apartment|84,2026-02,27260,apartment,84,0.0,0.0,0.0,1.0,115000000.0,0.0,0.0,0.0,1.0,0.0,10.224438902743142
27260|럭키골든|apartment|84,2026-03,27260,apartment,84,0.0,0.0,0.0,1.0,120000000.0,0.0,0.0,0.0,1.0,0.0,8.859223300970873
27260|럭키골든|apartment|84,2026-04,27260,apartment,84,0.0,0.0,0.0,1.0,10000000.0,0.0,0.0,0.0,1.0,0.0,20.99391480730223
27260|럭키골든|apartment|unknown,2026-04,27260,apartment,unknown,0.0,0.0,0.0,2.0,7500000.0,0.0,0.0,0.0,1.0,0.0,20.99391480730223
27260|롬바드|apartment|101,2026-03,27260,apartment,101,0.0,0.0,0.0,1.0,80000000.0,0.0,0.0,0.0,1.0,0.0,8.859223300970873
27260|롬바드|apartment|84,2026-04,27260,apartment,84,0.0,0.0,0.0,1.0,390000000.0,0.0,0.0,0.0,1.0,0.0,20.99391480730223
27260|롬바드|apartment|over_101,2026-04,27260,apartment,over_101,940000000.0,940000000.0,1.0,0.0,0.0,0.0,0.0,1.0,1.0,100.0,91.48073022312373
27260|롬바드|apartment|unknown,2026-04,27260,apartment,unknown,0.0,0.0,0.0,1.0,390000000.0,0.0,0.0,0.0,1.0,0.0,20.99391480730223
27260|리버아크로파트|apartment|84,2026-04,27260,apartment,84,240000000.0,240000000.0,1.0,0.0,0.0,0.0,0.0,1.0,1.0,100.0,52.53549695740365
27260|마크팰리스범어|apartment|59,2026-01,27260,apartment,59,0.0,0.0,0.0,2.0,64000000.0,0.0,0.0,0.0,1.0,0.0,17.142857142857142
27260|마크팰리스범어|apartment|59,2026-02,27260,apartment,59,148000000.0,148000000.0,1.0,1.0,10000000.0,6.756756756756757,0.0,1.0,1.0,100.0,25.81047381546135
27260|마크팰리스범어|apartment|59,2026-03,27260,apartment,59,148000000.0,148000000.0,0.0,4.0,14000000.0,9.45945945945946,0.0,0.0,1.0,100.0,22.572815533980584
27260|마크팰리스범어|apartment|59,2026-04,27260,apartment,59,148000000.0,148000000.0,0.0,2.0,75000000.0,50.67567567567568,0.0,0.0,0.0,100.0,44.827586206896555
27260|마크팰리스범어|apartment|under_40,2026-02,27260,apartment,under_40,0.0,0.0,0.0,2.0,5000000.0,0.0,0.0,0.0,1.0,0.0,10.224438902743142
27260|마크팰리스범어|apartment|under_40,2026-03,27260,apartment,under_40,0.0,0.0,0.0,1.0,10000000.0,0.0,0.0,0.0,1.0,0.0,8.859223300970873
27260|마크팰리스범어|apartment|unknown,2026-04,27260,apartment,unknown,0.0,0.0,0.0,2.0,75000000.0,0.0,0.0,0.0,1.0,0.0,20.99391480730223
27260|만촌3차화성파크드림|apartment|59,2026-04,27260,apartment,59,0.0,0.0,0.0,1.0,30000000.0,0.0,0.0,0.0,1.0,0.0,20.99391480730223
27260|만촌3차화성파크드림|apartment|74,2026-03,27260,apartment,74,830000000.0,830000000.0,1.0,0.0,0.0,0.0,0.0,1.0,1.0,100.0,84.83009708737865
27260|만촌3차화성파크드림|apartment|84,2026-01,27260,apartment,84,1010000000.0,1010000000.0,1.0,2.0,454250000.0,44.975247524752476,0.0,1.0,1.0,33.33333333333333,91.0
27260|만촌3차화성파크드림|apartment|84,2026-02,27260,apartment,84,1045000000.0,1027500000.0,1.0,0.0,454250000.0,44.209245742092456,0.0,1.0,1.0,66.66666666666666,90.77306733167082
27260|만촌3차화성파크드림|apartment|84,2026-03,27260,apartment,84,1050000000.0,1038750000.0,1.0,2.0,280000000.0,26.955475330926593,0.0,1.0,1.0,100.0,90.0485436893204
27260|만촌3차화성파크드림|apartment|84,2026-04,27260,apartment,84,1044000000.0,1041375000.0,1.0,2.0,75000000.0,7.2020165646380985,0.0,1.0,1.0,100.0,93.10344827586206
27260|만촌3차화성파크드림|apartment|over_101,2026-02,27260,apartment,over_101,0.0,0.0,0.0,1.0,200000000.0,0.0,0.0,0.0,1.0,0.0,10.224438902743142
27260|만촌3차화성파크드림|apartment|over_101,2026-03,27260,apartment,over_101,1300000000.0,1300000000.0,1.0,0.0,200000000.0,15.384615384615385,0.0,1.0,1.0,100.0,95.26699029126213
27260|만촌3차화성파크드림|apartment|unknown,2026-04,27260,apartment,unknown,0.0,0.0,0.0,3.0,50000000.0,0.0,0.0,0.0,1.0,0.0,20.99391480730223
27260|만촌동월드메르디앙|apartment|over_101,2026-04,27260,apartment,over_101,770000000.0,770000000.0,1.0,1.0,30000000.0,3.896103896103896,0.0,1.0,1.0,100.0,86.20689655172413
27260|만촌동월드메르디앙|apartment|unknown,2026-04,27260,apartment,unknown,0.0,0.0,0.0,1.0,30000000.0,0.0,0.0,0.0,1.0,0.0,20.99391480730223
27260|만촌보성타운|apartment|59,2026-01,27260,apartment,59,209500000.0,209500000.0,2.0,1.0,10000000.0,4.77326968973747,0.0,2.0,1.0,100.0,43.42857142857143
27260|만촌보성타운|apartment|59,2026-02,27260,apartment,59,209500000.0,209500000.0,0.0,0.0,10000000.0,4.77326968973747,0.0,0.0,1.0,100.0,31.67082294264339
27260|만촌보성타운|apartment|59,2026-03,27260,apartment,59,209500000.0,209500000.0,0.0,0.0,10000000.0,4.77326968973747,0.0,0.0,0.0,100.0,30.339805825242717
27260|만촌보성타운|apartment|59,2026-04,27260,apartment,59,199000000.0,204250000.0,1.0,0.0,10000000.0,4.8959608323133414,-2.505966587112174,1.5,0.5,50.0,49.49290060851927
27260|만촌보성타운|apartment|84,2026-01,27260,apartment,84,265000000.0,265000000.0,3.0,0.0,0.0,0.0,0.0,3.0,1.0,75.0,49.28571428571429
27260|만촌보성타운|apartment|84,2026-02,27260,apartment,84,282500000.0,273750000.0,1.0,0.0,0.0,0.0,0.0,0.3333333333333333,1.0,100.0,41.895261845386536
27260|만촌보성타운|apartment|84,2026-03,27260,apartment,84,282500000.0,278125000.0,0.0,1.0,20000000.0,7.191011235955057,0.0,0.0,0.16666666666666666,100.0,39.56310679611651
27260|만촌삼정그린코아에듀파크|apartment|74,2026-01,27260,apartment,74,0.0,0.0,0.0,4.0,219000000.0,0.0,0.0,0.0,1.0,0.0,17.142857142857142
27260|만촌삼정그린코아에듀파크|apartment|74,2026-02,27260,apartment,74,970000000.0,970000000.0,1.0,3.0,325000000.0,33.50515463917525,0.0,1.0,1.0,50.0,89.27680798004988
27260|만촌삼정그린코아에듀파크|apartment|74,2026-03,27260,apartment,74,960000000.0,965000000.0,1.0,3.0,320000000.0,33.160621761658035,-0.5154639175257714,2.0,1.0,100.0,88.3495145631068
27260|만촌삼정그린코아에듀파크|apartment|74,2026-04,27260,apartment,74,960000000.0,962500000.0,0.0,2.0,40000000.0,4.1558441558441555,-0.773195876288657,0.0,1.0,100.0,92.2920892494929
27260|만촌삼정그린코아에듀파크|apartment|84,2026-01,27260,apartment,84,1133000000.0,1133000000.0,5.0,9.0,470000000.0,41.48278905560459,0.0,5.0,1.0,55.55555555555556,94.57142857142857
27260|만촌삼정그린코아에듀파크|apartment|84,2026-02,27260,apartment,84,1170000000.0,1151500000.0,3.0,5.0,388000000.0,33.69518019973947,0.0,0.6,1.0,88.88888888888889,94.2643391521197
27260|만촌삼정그린코아에듀파크|apartment|84,2026-03,27260,apartment,84,1123000000.0,1137250000.0,1.0,3.0,520000000.0,45.72433501868542,-1.2375162831089859,0.25,0.4,100.0,93.20388349514563
27260|만촌삼정그린코아에듀파크|apartment|84,2026-04,27260,apartment,84,1030000000.0,1083625000.0,1.0,7.0,451500000.0,41.66570538701119,-5.894485453755971,0.3333333333333333,0.25,55.55555555555556,94.11764705882352
27260|만촌삼정그린코아에듀파크|apartment|over_101,2026-01,27260,apartment,over_101,1597000000.0,1597000000.0,1.0,0.0,0.0,0.0,0.0,1.0,1.0,100.0,98.0
27260|만촌삼정그린코아에듀파크|apartment|over_101,2026-02,27260,apartment,over_101,1597000000.0,1597000000.0,0.0,0.0,0.0,0.0,0.0,0.0,1.0,100.0,98.00498753117208
27260|만촌삼정그린코아에듀파크|apartment|over_101,2026-03,27260,apartment,over_101,1597000000.0,1597000000.0,0.0,1.0,766240000.0,47.979962429555414,0.0,0.0,0.0,100.0,98.30097087378641
27260|만촌삼정그린코아에듀파크|apartment|unknown,2026-04,27260,apartment,unknown,0.0,0.0,0.0,9.0,450000000.0,0.0,0.0,0.0,1.0,0.0,20.99391480730223
27260|만촌신동아파밀리에|apartment|84,2026-01,27260,apartment,84,0.0,0.0,0.0,1.0,50000000.0,0.0,0.0,0.0,1.0,0.0,17.142857142857142
27260|만촌역 서한포레스트|apartment|84,2026-01,27260,apartment,84,1002500000.0,1002500000.0,2.0,1.0,590000000.0,58.85286783042394,0.0,2.0,1.0,66.66666666666666,90.57142857142857
27260|만촌역 서한포레스트|apartment|84,2026-02,27260,apartment,84,1002500000.0,1002500000.0,0.0,0.0,590000000.0,58.85286783042394,0.0,0.0,1.0,66.66666666666666,90.27431421446383
27260|만촌역 서한포레스트|apartment|84,2026-03,27260,apartment,84,957000000.0,979750000.0,1.0,0.0,590000000.0,60.21944373564685,-2.2693266832917725,1.0,0.25,100.0,88.83495145631069
27260|만촌역태왕디아너스|apartment|84,2026-02,27260,apartment,84,1320000000.0,1320000000.0,1.0,0.0,0.0,0.0,0.0,1.0,1.0,100.0,96.00997506234414
27260|만촌역태왕디아너스|apartment|84,2026-03,27260,apartment,84,1320000000.0,1320000000.0,0.0,0.0,0.0,0.0,0.0,0.0,1.0,100.0,95.87378640776699
27260|만촌역태왕디아너스|apartment|84,2026-04,27260,apartment,84,1320000000.0,1320000000.0,0.0,1.0,50000000.0,3.787878787878788,0.0,0.0,0.0,100.0,97.16024340770791
27260|만촌역태왕디아너스|apartment|over_101,2026-01,27260,apartment,over_101,1400000000.0,1400000000.0,1.0,1.0,150000000.0,10.714285714285714,0.0,1.0,1.0,50.0,97.28571428571429
27260|만촌역태왕디아너스|apartment|over_101,2026-02,27260,apartment,over_101,1730000000.0,1565000000.0,1.0,1.0,780000000.0,49.84025559105431,0.0,1.0,1.0,100.0,97.50623441396509
27260|만촌역태왕디아너스|apartment|over_101,2026-03,27260,apartment,over_101,1730000000.0,1647500000.0,0.0,0.0,780000000.0,47.344461305007584,0.0,0.0,0.5,100.0,98.54368932038835
27260|만촌역태왕디아너스|apartment|over_101,2026-04,27260,apartment,over_101,2350000000.0,1998750000.0,1.0,0.0,780000000.0,39.02439024390244,0.0,1.5,0.5,100.0,99.59432048681542
27260|만촌역태왕디아너스|apartment|unknown,2026-04,27260,apartment,unknown,0.0,0.0,0.0,1.0,50000000.0,0.0,0.0,0.0,1.0,0.0,20.99391480730223
27260|만촌역태왕아너스|apartment|84,2026-01,27260,apartment,84,664000000.0,664000000.0,2.0,0.0,0.0,0.0,0.0,2.0,1.0,100.0,78.28571428571428
27260|만촌역태왕아너스|apartment|84,2026-02,27260,apartment,84,664000000.0,664000000.0,0.0,0.0,0.0,0.0,0.0,0.0,1.0,100.0,77.80548628428927
27260|만촌역태왕아너스|apartment|84,2026-03,27260,apartment,84,664000000.0,664000000.0,0.0,0.0,0.0,0.0,0.0,0.0,0.0,100.0,76.94174757281553
27260|만촌역태왕아너스|apartment|84,2026-04,27260,apartment,84,664000000.0,664000000.0,0.0,1.0,370000000.0,55.72289156626506,0.0,0.0,0.0,0.0,83.36713995943205
27260|만촌역태왕아너스|apartment|unknown,2026-04,27260,apartment,unknown,0.0,0.0,0.0,1.0,370000000.0,0.0,0.0,0.0,1.0,0.0,20.99391480730223
27260|만촌우방타운1단지|apartment|59,2026-01,27260,apartment,59,377500000.0,377500000.0,2.0,3.0,10000000.0,2.6490066225165565,0.0,2.0,1.0,28.57142857142857,60.857142857142854
27260|만촌우방타운1단지|apartment|59,2026-02,27260,apartment,59,379500000.0,378500000.0,4.0,5.0,20000000.0,5.284015852047556,0.0,2.0,1.0,85.71428571428571,54.3640897755611
27260|만촌우방타운1단지|apartment|59,2026-03,27260,apartment,59,360000000.0,369250000.0,1.0,3.0,160000000.0,43.33107650643196,-2.443857331571997,0.3333333333333333,1.25,100.0,51.94174757281553
27260|만촌우방타운1단지|apartment|59,2026-04,27260,apartment,59,364000000.0,366625000.0,2.0,2.0,20000000.0,5.455165359699966,-3.1373844121532324,0.8571428571428571,0.5,100.0,65.72008113590265
27260|만촌우방타운1단지|apartment|84,2026-01,27260,apartment,84,0.0,0.0,0.0,1.0,295000000.0,0.0,0.0,0.0,1.0,0.0,17.142857142857142
27260|만촌우방타운1단지|apartment|84,2026-02,27260,apartment,84,0.0,0.0,0.0,3.0,230000000.0,0.0,0.0,0.0,1.0,0.0,10.224438902743142
27260|만촌우방타운1단지|apartment|84,2026-03,27260,apartment,84,595000000.0,595000000.0,2.0,1.0,262500000.0,44.11764705882353,0.0,2.0,1.0,66.66666666666666,71.84466019417476
27260|만촌우방타운1단지|apartment|84,2026-04,27260,apartment,84,585000000.0,590000000.0,1.0,1.0,350000000.0,59.32203389830508,-0.8403361344537785,1.5,1.0,100.0,79.71602434077079
27260|만촌우방타운1단지|apartment|over_101,2026-02,27260,apartment,over_101,550000000.0,550000000.0,1.0,0.0,0.0,0.0,0.0,1.0,1.0,100.0,70.69825436408978
27260|만촌우방타운1단지|apartment|over_101,2026-03,27260,apartment,over_101,550000000.0,550000000.0,0.0,2.0,280000000.0,50.90909090909091,0.0,0.0,1.0,100.0,67.96116504854369
27260|만촌우방타운1단지|apartment|unknown,2026-04,27260,apartment,unknown,0.0,0.0,0.0,3.0,20000000.0,0.0,0.0,0.0,1.0,0.0,20.99391480730223
27260|만촌우방타운2단지|apartment|59,2026-01,27260,apartment,59,0.0,0.0,0.0,1.0,10000000.0,0.0,0.0,0.0,1.0,0.0,17.142857142857142
27260|만촌우방타운2단지|apartment|59,2026-02,27260,apartment,59,299500000.0,299500000.0,1.0,3.0,20000000.0,6.67779632721202,0.0,1.0,1.0,50.0,45.885286783042396
27260|만촌우방타운2단지|apartment|59,2026-03,27260,apartment,59,298000000.0,298750000.0,1.0,0.0,20000000.0,6.694560669456067,-0.25041736227044975,2.0,1.0,100.0,43.689320388349515
27260|만촌우방타운2단지|apartment|59,2026-04,27260,apartment,59,298000000.0,298375000.0,0.0,2.0,179000000.0,59.991621281943864,-0.3756260434056746,0.0,1.0,100.0,58.82352941176471
27260|만촌우방타운2단지|apartment|over_101,2026-01,27260,apartment,over_101,0.0,0.0,0.0,1.0,330000000.0,0.0,0.0,0.0,1.0,0.0,17.142857142857142
27260|만촌우방타운2단지|apartment|over_101,2026-02,27260,apartment,over_101,594000000.0,594000000.0,1.0,1.0,400000000.0,67.34006734006735,0.0,1.0,1.0,50.0,73.06733167082294
27260|만촌우방타운2단지|apartment|over_101,2026-03,27260,apartment,over_101,594000000.0,594000000.0,0.0,0.0,400000000.0,67.34006734006735,0.0,0.0,1.0,50.0,71.35922330097088
27260|만촌우방타운2단지|apartment|over_101,2026-04,27260,apartment,over_101,645000000.0,619500000.0,1.0,0.0,400000000.0,64.56820016142049,0.0,3.0,1.0,100.0,81.54158215010142
27260|만촌우방타운2단지|apartment|unknown,2026-04,27260,apartment,unknown,0.0,0.0,0.0,2.0,179000000.0,0.0,0.0,0.0,1.0,0.0,20.99391480730223
27260|만촌우방팔레스|apartment|84,2026-04,27260,apartment,84,558000000.0,558000000.0,1.0,0.0,0.0,0.0,0.0,1.0,1.0,100.0,77.68762677484787
27260|만촌우방팔레스|apartment|over_101,2026-03,27260,apartment,over_101,0.0,0.0,0.0,1.0,30000000.0,0.0,0.0,0.0,1.0,0.0,8.859223300970873
27260|만촌우방팔레스|apartment|over_101,2026-04,27260,apartment,over_101,0.0,0.0,0.0,2.0,65000000.0,0.0,0.0,0.0,1.0,0.0,20.99391480730223
27260|만촌우방팔레스|apartment|unknown,2026-04,27260,apartment,unknown,0.0,0.0,0.0,2.0,65000000.0,0.0,0.0,0.0,1.0,0.0,20.99391480730223
27260|만촌우방하이츠|apartment|over_101,2026-01,27260,apartment,over_101,340000000.0,340000000.0,1.0,1.0,10000000.0,2.941176470588235,0.0,1.0,1.0,100.0,57.99999999999999
27260|만촌자이르네|apartment|74,2026-01,27260,apartment,74,1060000000.0,1060000000.0,1.0,1.0,409500000.0,38.632075471698116,0.0,1.0,1.0,33.33333333333333,92.57142857142857
27260|만촌자이르네|apartment|74,2026-02,27260,apartment,74,1080000000.0,1070000000.0,1.0,1.0,70000000.0,6.5420560747663545,0.0,1.0,1.0,66.66666666666666,92.01995012468828
27260|만촌자이르네|apartment|74,2026-03,27260,apartment,74,1080000000.0,1075000000.0,1.0,1.0,60000000.0,5.5813953488372094,0.0,1.0,1.0,100.0,91.74757281553399
27260|만촌자이르네|apartment|74,2026-04,27260,apartment,74,1080000000.0,1077500000.0,1.0,0.0,60000000.0,5.56844547563805,0.0,1.0,1.0,100.0,93.91480730223124
27260|만촌자이르네|apartment|84,2026-01,27260,apartment,84,1317500000.0,1317500000.0,4.0,6.0,435750000.0,33.07400379506642,0.0,4.0,1.0,100.0,96.0
27260|만촌자이르네|apartment|84,2026-02,27260,apartment,84,1317500000.0,1317500000.0,0.0,8.0,470000000.0,35.673624288425046,0.0,0.0,1.0,100.0,95.76059850374065
27260|만촌자이르네|apartment|84,2026-03,27260,apartment,84,1317500000.0,1317500000.0,0.0,2.0,410000000.0,31.119544592030362,0.0,0.0,0.0,100.0,95.63106796116504
27260|만촌자이르네|apartment|84,2026-04,27260,apartment,84,1185000000.0,1251250000.0,1.0,2.0,479750000.0,38.34165834165834,-5.0284629981024676,0.75,0.25,25.0,96.55172413793103
27260|만촌자이르네|apartment|unknown,2026-04,27260,apartment,unknown,0.0,0.0,0.0,2.0,479750000.0,0.0,0.0,0.0,1.0,0.0,20.99391480730223
27260|만촌태왕리더스|apartment|59,2026-01,27260,apartment,59,350000000.0,350000000.0,1.0,0.0,0.0,0.0,0.0,1.0,1.0,100.0,58.857142857142854
27260|만촌태왕리더스|apartment|84,2026-01,27260,apartment,84,455000000.0,455000000.0,1.0,0.0,0.0,0.0,0.0,1.0,1.0,50.0,68.28571428571428
27260|만촌태왕리더스|apartment|84,2026-02,27260,apartment,84,455000000.0,455000000.0,0.0,0.0,0.0,0.0,0.0,0.0,1.0,50.0,63.591022443890274
27260|만촌태왕리더스|apartment|84,2026-03,27260,apartment,84,449000000.0,452000000.0,1.0,1.0,20000000.0,4.424778761061947,-0.659340659340657,2.0,0.5,100.0,61.04368932038835
27260|만촌태왕리더스|apartment|84,2026-04,27260,apartment,84,456000000.0,454000000.0,1.0,0.0,20000000.0,4.405286343612335,-0.219780219780219,1.5,2.0,100.0,72.81947261663286
27260|만촌태왕리더스|apartment|over_101,2026-01,27260,apartment,over_101,550000000.0,550000000.0,1.0,1.0,250000000.0,45.45454545454545,0.0,1.0,1.0,50.0,72.71428571428571
27260|만촌태왕리더스|apartment|over_101,2026-02,27260,apartment,over_101,550000000.0,550000000.0,0.0,0.0,250000000.0,45.45454545454545,0.0,0.0,1.0,50.0,70.69825436408978
27260|만촌태왕리더스|apartment|over_101,2026-03,27260,apartment,over_101,620000000.0,585000000.0,1.0,0.0,250000000.0,42.73504273504273,0.0,2.0,0.5,100.0,70.87378640776699
27260|만촌한화꿈에그린|apartment|84,2026-01,27260,apartment,84,0.0,0.0,0.0,1.0,420000000.0,0.0,0.0,0.0,1.0,0.0,17.142857142857142
27260|만촌한화꿈에그린|apartment|84,2026-02,27260,apartment,84,0.0,0.0,0.0,0.0,420000000.0,0.0,0.0,0.0,1.0,0.0,10.224438902743142
27260|만촌한화꿈에그린|apartment|84,2026-03,27260,apartment,84,0.0,0.0,0.0,0.0,420000000.0,0.0,0.0,0.0,1.0,0.0,8.859223300970873
27260|만촌한화꿈에그린|apartment|84,2026-04,27260,apartment,84,0.0,0.0,0.0,1.0,304500000.0,0.0,0.0,0.0,1.0,0.0,20.99391480730223
27260|만촌한화꿈에그린|apartment|over_101,2026-01,27260,apartment,over_101,0.0,0.0,0.0,1.0,50000000.0,0.0,0.0,0.0,1.0,0.0,17.142857142857142
27260|만촌한화꿈에그린|apartment|over_101,2026-02,27260,apartment,over_101,0.0,0.0,0.0,0.0,50000000.0,0.0,0.0,0.0,1.0,0.0,10.224438902743142
27260|만촌한화꿈에그린|apartment|over_101,2026-03,27260,apartment,over_101,0.0,0.0,0.0,2.0,425000000.0,0.0,0.0,0.0,1.0,0.0,8.859223300970873
27260|만촌한화꿈에그린|apartment|unknown,2026-04,27260,apartment,unknown,0.0,0.0,0.0,1.0,304500000.0,0.0,0.0,0.0,1.0,0.0,20.99391480730223
27260|만촌화성파크드림2|apartment|84,2026-04,27260,apartment,84,0.0,0.0,0.0,1.0,30000000.0,0.0,0.0,0.0,1.0,0.0,20.99391480730223
27260|만촌화성파크드림2|apartment|unknown,2026-04,27260,apartment,unknown,0.0,0.0,0.0,1.0,30000000.0,0.0,0.0,0.0,1.0,0.0,20.99391480730223
27260|만촌화성파크드림|apartment|84,2026-02,27260,apartment,84,445000000.0,445000000.0,1.0,0.0,0.0,0.0,0.0,1.0,1.0,50.0,62.593516209476306
27260|만촌화성파크드림|apartment|84,2026-03,27260,apartment,84,445000000.0,445000000.0,0.0,0.0,0.0,0.0,0.0,0.0,1.0,50.0,60.43689320388349
27260|만촌화성파크드림|apartment|84,2026-04,27260,apartment,84,439500000.0,442250000.0,1.0,1.0,270000000.0,61.051441492368575,-0.6179775280898858,2.0,0.5,100.0,71.19675456389453
27260|만촌화성파크드림|apartment|unknown,2026-04,27260,apartment,unknown,0.0,0.0,0.0,1.0,270000000.0,0.0,0.0,0.0,1.0,0.0,20.99391480730223
27260|만촌화성파크스위트|apartment|84,2026-02,27260,apartment,84,227000000.0,227000000.0,1.0,0.0,0.0,0.0,0.0,1.0,1.0,33.33333333333333,35.16209476309227
27260|만촌화성파크스위트|apartment|84,2026-03,27260,apartment,84,238000000.0,232500000.0,1.0,1.0,10000000.0,4.301075268817205,0.0,1.0,1.0,66.66666666666666,34.34466019417476
27260|만촌화성파크스위트|apartment|84,2026-04,27260,apartment,84,250000000.0,241250000.0,1.0,0.0,10000000.0,4.145077720207254,0.0,1.0,1.0,100.0,52.94117647058824
27260|매호동서타운|apartment|59,2026-01,27260,apartment,59,197000000.0,197000000.0,4.0,0.0,0.0,0.0,0.0,4.0,1.0,80.0,42.714285714285715
27260|매호동서타운|apartment|59,2026-02,27260,apartment,59,197000000.0,197000000.0,0.0,1.0,10000000.0,5.0761421319796955,0.0,0.0,1.0,80.0,30.92269326683292
27260|매호동서타운|apartment|59,2026-03,27260,apartment,59,255000000.0,226000000.0,1.0,2.0,10000000.0,4.424778761061947,0.0,0.5,0.125,100.0,33.25242718446602
27260|매호동서타운|apartment|84,2026-01,27260,apartment,84,270000000.0,270000000.0,1.0,1.0,210000000.0,77.77777777777779,0.0,1.0,1.0,33.33333333333333,50.28571428571429
27260|매호동서타운|apartment|84,2026-02,27260,apartment,84,270000000.0,270000000.0,0.0,0.0,210000000.0,77.77777777777779,0.0,0.0,1.0,33.33333333333333,41.271820448877804
27260|매호동서타운|apartment|84,2026-03,27260,apartment,84,267000000.0,268500000.0,1.0,0.0,210000000.0,78.2122905027933,-0.5555555555555536,2.0,0.5,66.66666666666666,38.83495145631068
27260|매호동서타운|apartment|84,2026-04,27260,apartment,84,290000000.0,279250000.0,2.0,0.0,210000000.0,75.20143240823634,0.0,3.0,3.0,100.0,56.79513184584179
27260|매호미래하이츠|apartment|84,2026-02,27260,apartment,84,180000000.0,180000000.0,1.0,0.0,0.0,0.0,0.0,1.0,1.0,100.0,29.42643391521197
27260|매호유성푸르나임|apartment|84,2026-02,27260,apartment,84,242000000.0,242000000.0,1.0,0.0,0.0,0.0,0.0,1.0,1.0,100.0,38.02992518703242
27260|매호청구하이츠빌|apartment|59,2026-04,27260,apartment,59,172000000.0,172000000.0,2.0,0.0,0.0,0.0,0.0,2.0,1.0,100.0,47.26166328600406
27260|매호화성파크드림|apartment|84,2026-01,27260,apartment,84,320000000.0,320000000.0,1.0,0.0,0.0,0.0,0.0,1.0,1.0,50.0,56.57142857142857
27260|매호화성파크드림|apartment|84,2026-02,27260,apartment,84,320000000.0,320000000.0,0.0,0.0,0.0,0.0,0.0,0.0,1.0,50.0,49.750623441396506
27260|매호화성파크드림|apartment|84,2026-03,27260,apartment,84,348000000.0,334000000.0,1.0,0.0,0.0,0.0,0.0,2.0,0.5,100.0,47.81553398058252
27260|매호효성백년가약|apartment|84,2026-01,27260,apartment,84,307500000.0,307500000.0,2.0,0.0,0.0,0.0,0.0,2.0,1.0,66.66666666666666,54.85714285714286
27260|매호효성백년가약|apartment|84,2026-02,27260,apartment,84,307500000.0,307500000.0,0.0,0.0,0.0,0.0,0.0,0.0,1.0,66.66666666666666,48.12967581047381
27260|매호효성백년가약|apartment|84,2026-03,27260,apartment,84,370000000.0,338750000.0,1.0,0.0,0.0,0.0,0.0,1.0,0.25,100.0,48.54368932038835
27260|매호효성백년가약|apartment|84,2026-04,27260,apartment,84,280000000.0,309375000.0,1.0,0.0,0.0,0.0,-8.671586715867164,1.0,1.0,66.66666666666666,59.83772819472617
27260|매호효성백년가약|apartment|over_101,2026-02,27260,apartment,over_101,370000000.0,370000000.0,1.0,0.0,0.0,0.0,0.0,1.0,1.0,100.0,53.49127182044888
27260|메트로팔레스1|apartment|84,2026-01,27260,apartment,84,414750000.0,414750000.0,2.0,0.0,0.0,0.0,0.0,2.0,1.0,66.66666666666666,64.57142857142857
27260|메트로팔레스1|apartment|84,2026-02,27260,apartment,84,414750000.0,414750000.0,0.0,1.0,30000000.0,7.233273056057866,0.0,0.0,1.0,66.66666666666666,59.60099750623441
27260|메트로팔레스1|apartment|84,2026-03,27260,apartment,84,405000000.0,409875000.0,1.0,1.0,260000000.0,63.43397377249161,-1.175406871609408,1.0,0.25,100.0,57.28155339805825
27260|메트로팔레스1|apartment|over_101,2026-01,27260,apartment,over_101,0.0,0.0,0.0,1.0,340000000.0,0.0,0.0,0.0,1.0,0.0,17.142857142857142
27260|메트로팔레스1|apartment|over_101,2026-02,27260,apartment,over_101,515000000.0,515000000.0,1.0,0.0,340000000.0,66.01941747572816,0.0,1.0,1.0,25.0,67.70573566084788
27260|메트로팔레스1|apartment|over_101,2026-03,27260,apartment,over_101,530000000.0,522500000.0,1.0,1.0,25000000.0,4.784688995215311,0.0,2.0,1.0,50.0,65.77669902912622
27260|메트로팔레스1|apartment|over_101,2026-04,27260,apartment,over_101,553500000.0,538000000.0,2.0,0.0,25000000.0,4.646840148698884,0.0,3.0,3.0,100.0,77.079107505071
27260|메트로팔레스2|apartment|74,2026-01,27260,apartment,74,0.0,0.0,0.0,1.0,100000000.0,0.0,0.0,0.0,1.0,0.0,17.142857142857142
27260|메트로팔레스2|apartment|74,2026-02,27260,apartment,74,381000000.0,381000000.0,2.0,1.0,295000000.0,77.42782152230971,0.0,2.0,1.0,25.0,54.862842892768086
27260|메트로팔레스2|apartment|74,2026-03,27260,apartment,74,377000000.0,379000000.0,3.0,1.0,30000000.0,7.9155672823219,-0.5249343832021025,3.0,1.0,62.5,52.66990291262136
27260|메트로팔레스2|apartment|74,2026-04,27260,apartment,74,377000000.0,378000000.0,3.0,0.0,30000000.0,7.936507936507936,-0.7874015748031482,1.7999999999999998,3.0,100.0,66.5314401622718
27260|메트로팔레스2|apartment|84,2026-01,27260,apartment,84,429000000.0,429000000.0,2.0,1.0,320000000.0,74.5920745920746,0.0,2.0,1.0,40.0,66.28571428571428
27260|메트로팔레스2|apartment|84,2026-02,27260,apartment,84,430000000.0,429500000.0,3.0,0.0,320000000.0,74.50523864959256,0.0,1.5,1.0,100.0,61.09725685785536
27260|메트로팔레스2|apartment|84,2026-03,27260,apartment,84,430000000.0,429750000.0,0.0,1.0,30000000.0,6.980802792321117,0.0,0.0,0.75,100.0,59.22330097087378
27260|메트로팔레스2|apartment|84,2026-04,27260,apartment,84,437000000.0,433375000.0,2.0,0.0,30000000.0,6.922411306605134,0.0,1.2,0.4,100.0,70.99391480730223
27260|메트로팔레스2|apartment|over_101,2026-01,27260,apartment,over_101,0.0,0.0,0.0,1.0,30000000.0,0.0,0.0,0.0,1.0,0.0,17.142857142857142
27260|메트로팔레스2|apartment|over_101,2026-02,27260,apartment,over_101,540000000.0,540000000.0,3.0,0.0,30000000.0,5.555555555555555,0.0,3.0,1.0,60.0,69.70074812967582
27260|메트로팔레스2|apartment|over_101,2026-03,27260,apartment,over_101,580000000.0,560000000.0,1.0,1.0,100000000.0,17.857142857142858,0.0,0.6666666666666666,1.0,80.0,68.68932038834951
27260|메트로팔레스2|apartment|over_101,2026-04,27260,apartment,over_101,720000000.0,640000000.0,1.0,2.0,285000000.0,44.53125,0.0,0.75,0.6666666666666666,100.0,82.35294117647058
27260|메트로팔레스2|apartment|unknown,2026-04,27260,apartment,unknown,0.0,0.0,0.0,2.0,285000000.0,0.0,0.0,0.0,1.0,0.0,20.99391480730223
27260|메트로팔레스3|apartment|74,2026-01,27260,apartment,74,400000000.0,400000000.0,1.0,0.0,0.0,0.0,0.0,1.0,1.0,100.0,63.28571428571429
27260|메트로팔레스3|apartment|74,2026-02,27260,apartment,74,400000000.0,400000000.0,0.0,0.0,0.0,0.0,0.0,0.0,1.0,100.0,57.85536159600998
27260|메트로팔레스3|apartment|74,2026-03,27260,apartment,74,400000000.0,400000000.0,0.0,0.0,0.0,0.0,0.0,0.0,0.0,100.0,56.067961165048544
27260|메트로팔레스3|apartment|74,2026-04,27260,apartment,74,400000000.0,400000000.0,0.0,1.0,30000000.0,7.5,0.0,0.0,0.0,0.0,68.76267748478702
27260|메트로팔레스3|apartment|84,2026-01,27260,apartment,84,432000000.0,432000000.0,2.0,0.0,0.0,0.0,0.0,2.0,1.0,25.0,67.14285714285714
27260|메트로팔레스3|apartment|84,2026-02,27260,apartment,84,480000000.0,456000000.0,1.0,0.0,0.0,0.0,0.0,0.5,1.0,37.5,63.84039900249376
27260|메트로팔레스3|apartment|84,2026-03,27260,apartment,84,448000000.0,452000000.0,5.0,0.0,0.0,0.0,-0.8771929824561431,3.3333333333333335,1.5,100.0,61.04368932038835
27260|메트로팔레스3|apartment|84,2026-04,27260,apartment,84,453000000.0,452500000.0,2.0,2.0,150000000.0,33.14917127071823,-0.7675438596491224,0.75,2.3333333333333335,100.0,72.61663286004057
27260|메트로팔레스3|apartment|over_101,2026-01,27260,apartment,over_101,558000000.0,558000000.0,1.0,1.0,30000000.0,5.376344086021505,0.0,1.0,1.0,50.0,73.42857142857143
27260|메트로팔레스3|apartment|over_101,2026-02,27260,apartment,over_101,558000000.0,558000000.0,0.0,2.0,230000000.0,41.21863799283154,0.0,0.0,1.0,50.0,71.07231920199501
27260|메트로팔레스3|apartment|over_101,2026-03,27260,apartment,over_101,558000000.0,558000000.0,0.0,1.0,30000000.0,5.376344086021505,0.0,0.0,0.0,50.0,68.44660194174757
27260|메트로팔레스3|apartment|over_101,2026-04,27260,apartment,over_101,511500000.0,534750000.0,2.0,0.0,30000000.0,5.610098176718092,-4.1666666666666625,6.0,2.0,100.0,76.8762677484787
27260|메트로팔레스3|apartment|unknown,2026-04,27260,apartment,unknown,0.0,0.0,0.0,3.0,30000000.0,0.0,0.0,0.0,1.0,0.0,20.99391480730223
27260|메트로팔레스5|apartment|74,2026-01,27260,apartment,74,400000000.0,400000000.0,2.0,0.0,0.0,0.0,0.0,2.0,1.0,50.0,63.28571428571429
27260|메트로팔레스5|apartment|74,2026-02,27260,apartment,74,423000000.0,411500000.0,1.0,1.0,265000000.0,64.39854191980558,0.0,0.5,1.0,75.0,59.22693266832918
27260|메트로팔레스5|apartment|74,2026-03,27260,apartment,74,372000000.0,391750000.0,1.0,1.0,20000000.0,5.105296745373325,-4.799513973268532,0.6666666666666666,0.5,100.0,54.61165048543689
27260|메트로팔레스5|apartment|74,2026-04,27260,apartment,74,365000000.0,378375000.0,1.0,0.0,20000000.0,5.285761480013215,-8.049817739975696,0.75,0.6666666666666666,75.0,66.73427991886409
27260|메트로팔레스5|apartment|84,2026-01,27260,apartment,84,422500000.0,422500000.0,4.0,1.0,30000000.0,7.100591715976331,0.0,4.0,1.0,66.66666666666666,65.42857142857143
27260|메트로팔레스5|apartment|84,2026-02,27260,apartment,84,417000000.0,419750000.0,1.0,0.0,30000000.0,7.14711137581894,-0.6508875739644981,0.25,1.0,83.33333333333334,60.349127182044896
27260|메트로팔레스5|apartment|84,2026-03,27260,apartment,84,420000000.0,419875000.0,1.0,1.0,320000000.0,76.21315867817803,-0.6213017751479311,0.4,0.25,100.0,57.76699029126213
27260|목련|apartment|59,2026-01,27260,apartment,59,0.0,0.0,0.0,6.0,27500000.0,0.0,0.0,0.0,1.0,0.0,17.142857142857142
27260|목련|apartment|59,2026-02,27260,apartment,59,146000000.0,146000000.0,4.0,5.0,3000000.0,2.054794520547945,0.0,4.0,1.0,57.14285714285714,25.43640897755611
27260|목련|apartment|59,2026-03,27260,apartment,59,155000000.0,150500000.0,2.0,3.0,5000000.0,3.322259136212625,0.0,1.0,1.0,85.71428571428571,23.78640776699029
27260|목련|apartment|59,2026-04,27260,apartment,59,145000000.0,147750000.0,1.0,3.0,5000000.0,3.3840947546531304,-1.8272425249169388,0.5,0.75,100.0,44.42190669371197
27260|목련|apartment|unknown,2026-04,27260,apartment,unknown,0.0,0.0,0.0,3.0,5000000.0,0.0,0.0,0.0,1.0,0.0,20.99391480730223
27260|미진타운|apartment|84,2026-03,27260,apartment,84,255000000.0,255000000.0,1.0,0.0,0.0,0.0,0.0,1.0,1.0,100.0,37.13592233009709
27260|범물보성2차|apartment|84,2026-01,27260,apartment,84,0.0,0.0,0.0,2.0,165000000.0,0.0,0.0,0.0,1.0,0.0,17.142857142857142
27260|범물보성2차|apartment|84,2026-02,27260,apartment,84,265000000.0,265000000.0,1.0,0.0,165000000.0,62.264150943396224,0.0,1.0,1.0,100.0,40.52369077306734
27260|범물보성2차|apartment|84,2026-03,27260,apartment,84,265000000.0,265000000.0,0.0,1.0,20000000.0,7.547169811320755,0.0,0.0,1.0,100.0,37.86407766990291
27260|범물보성2차|apartment|over_101,2026-01,27260,apartment,over_101,310000000.0,310000000.0,1.0,1.0,30000000.0,9.67741935483871,0.0,1.0,1.0,50.0,55.14285714285714
27260|범물보성2차|apartment|over_101,2026-02,27260,apartment,over_101,310000000.0,310000000.0,0.0,1.0,120000000.0,38.70967741935484,0.0,0.0,1.0,50.0,48.6284289276808
27260|범물보성2차|apartment|over_101,2026-03,27260,apartment,over_101,330000000.0,320000000.0,1.0,0.0,120000000.0,37.5,0.0,2.0,0.5,100.0,46.72330097087379
27260|범물보성타운|apartment|59,2026-02,27260,apartment,59,0.0,0.0,0.0,1.0,160000000.0,0.0,0.0,0.0,1.0,0.0,10.224438902743142
27260|범물보성타운|apartment|59,2026-03,27260,apartment,59,169000000.0,169000000.0,1.0,1.0,150000000.0,88.75739644970415,0.0,1.0,1.0,50.0,25.728155339805824
27260|범물보성타운|apartment|59,2026-04,27260,apartment,59,140000000.0,154500000.0,1.0,1.0,90000000.0,58.252427184466015,-8.579881656804734,2.0,1.0,100.0,45.233265720081135
27260|범물보성타운|apartment|74,2026-02,27260,apartment,74,175000000.0,175000000.0,2.0,0.0,0.0,0.0,0.0,2.0,1.0,66.66666666666666,28.30423940149626
27260|범물보성타운|apartment|74,2026-03,27260,apartment,74,175000000.0,175000000.0,0.0,0.0,0.0,0.0,0.0,0.0,1.0,66.66666666666666,26.33495145631068
27260|범물보성타운|apartment|74,2026-04,27260,apartment,74,157000000.0,166000000.0,1.0,0.0,0.0,0.0,-5.142857142857138,1.0,0.25,100.0,46.85598377281947
27260|범물보성타운|apartment|84,2026-01,27260,apartment,84,220000000.0,220000000.0,1.0,0.0,0.0,0.0,0.0,1.0,1.0,50.0,44.714285714285715
27260|범물보성타운|apartment|84,2026-02,27260,apartment,84,200000000.0,210000000.0,1.0,0.0,0.0,0.0,-4.545454545454541,1.0,1.0,100.0,31.92019950124688
27260|범물보성타운|apartment|84,2026-03,27260,apartment,84,200000000.0,205000000.0,0.0,0.0,0.0,0.0,-6.818181818181824,0.0,0.5,100.0,29.61165048543689
27260|범물보성타운|apartment|84,2026-04,27260,apartment,84,200000000.0,202500000.0,0.0,1.0,190000000.0,93.82716049382715,-7.954545454545459,0.0,0.0,50.0,49.290060851926974
27260|범물보성타운|apartment|unknown,2026-04,27260,apartment,unknown,0.0,0.0,0.0,2.0,140000000.0,0.0,0.0,0.0,1.0,0.0,20.99391480730223
"27260|범물에덴,신화아파트|apartment|84",2026-01,27260,apartment,84,228000000.0,228000000.0,1.0,1.0,10000000.0,4.385964912280701,0.0,1.0,1.0,11.11111111111111,45.714285714285715
"27260|범물에덴,신화아파트|apartment|84",2026-02,27260,apartment,84,228000000.0,228000000.0,0.0,1.0,10000000.0,4.385964912280701,0.0,0.0,1.0,11.11111111111111,35.41147132169576
"27260|범물에덴,신화아파트|apartment|84",2026-03,27260,apartment,84,210000000.0,219000000.0,7.0,0.0,10000000.0,4.5662100456621,-3.9473684210526327,14.0,3.5,88.88888888888889,31.55339805825243
"27260|범물에덴,신화아파트|apartment|84",2026-04,27260,apartment,84,223250000.0,221125000.0,2.0,1.0,199500000.0,90.22046353872244,-3.0153508771929793,0.75,9.0,100.0,50.709939148073026
"27260|범물에덴,신화아파트|apartment|unknown",2026-04,27260,apartment,unknown,0.0,0.0,0.0,1.0,199500000.0,0.0,0.0,0.0,1.0,0.0,20.99391480730223
27260|범물영남|apartment|84,2026-01,27260,apartment,84,300000000.0,300000000.0,1.0,0.0,0.0,0.0,0.0,1.0,1.0,50.0,54.142857142857146
27260|범물영남|apartment|84,2026-02,27260,apartment,84,279000000.0,289500000.0,1.0,1.0,180000000.0,62.17616580310881,-3.500000000000003,1.0,1.0,100.0,43.89027431421446
27260|범물영남|apartment|84,2026-03,27260,apartment,84,279000000.0,284250000.0,0.0,1.0,20000000.0,7.036059806508356,-5.249999999999999,0.0,0.5,100.0,40.53398058252427
27260|범물영남|apartment|over_101,2026-03,27260,apartment,over_101,329000000.0,329000000.0,2.0,0.0,0.0,0.0,0.0,2.0,1.0,66.66666666666666,47.57281553398058
27260|범물영남|apartment|over_101,2026-04,27260,apartment,over_101,330000000.0,329500000.0,1.0,1.0,280000000.0,84.9772382397572,0.0,0.5,1.0,100.0,61.86612576064908
27260|범물영남|apartment|unknown,2026-04,27260,apartment,unknown,0.0,0.0,0.0,1.0,280000000.0,0.0,0.0,0.0,1.0,0.0,20.99391480730223
27260|범물하이츠|apartment|59,2026-01,27260,apartment,59,101000000.0,101000000.0,6.0,1.0,110000000.0,108.91089108910892,0.0,6.0,1.0,75.0,35.42857142857142
27260|범물하이츠|apartment|59,2026-02,27260,apartment,59,101000000.0,101000000.0,0.0,4.0,55000000.0,54.45544554455446,0.0,0.0,1.0,75.0,21.197007481296758
27260|범물하이츠|apartment|59,2026-03,27260,apartment,59,95500000.0,98250000.0,2.0,2.0,52500000.0,53.43511450381679,-2.722772277227725,0.6666666666666666,0.16666666666666666,100.0,17.718446601941746
27260|범물하이츠|apartment|59,2026-04,27260,apartment,59,140000000.0,119125000.0,3.0,4.0,99500000.0,83.52570828961176,0.0,1.125,0.8333333333333334,62.5,42.393509127789045
27260|범물하이츠|apartment|under_40,2026-01,27260,apartment,under_40,81500000.0,81500000.0,1.0,1.0,5000000.0,6.134969325153374,0.0,1.0,1.0,50.0,34.285714285714285
27260|범물하이츠|apartment|under_40,2026-02,27260,apartment,under_40,81500000.0,81500000.0,0.0,1.0,5000000.0,6.134969325153374,0.0,0.0,1.0,50.0,20.448877805486283
27260|범물하이츠|apartment|under_40,2026-03,27260,apartment,under_40,119500000.0,100500000.0,1.0,2.0,7500000.0,7.462686567164178,0.0,2.0,0.5,100.0,17.96116504854369
27260|범물하이츠|apartment|unknown,2026-04,27260,apartment,unknown,0.0,0.0,0.0,4.0,99500000.0,0.0,0.0,0.0,1.0,0.0,20.99391480730223
27260|범물한라창신태성맨션|apartment|74,2026-01,27260,apartment,74,175000000.0,175000000.0,1.0,1.0,150000000.0,85.71428571428571,0.0,1.0,1.0,100.0,40.285714285714285
27260|범물한라창신태성맨션|apartment|74,2026-02,27260,apartment,74,175000000.0,175000000.0,0.0,1.0,30000000.0,17.142857142857142,0.0,0.0,1.0,100.0,28.30423940149626
27260|범물한라창신태성맨션|apartment|74,2026-03,27260,apartment,74,175000000.0,175000000.0,0.0,3.0,140000000.0,80.0,0.0,0.0,0.0,100.0,26.33495145631068
27260|범물한라창신태성맨션|apartment|74,2026-04,27260,apartment,74,175000000.0,175000000.0,0.0,2.0,99000000.0,56.57142857142857,0.0,0.0,0.0,0.0,47.66734279918864
27260|범물한라창신태성맨션|apartment|84,2026-01,27260,apartment,84,0.0,0.0,0.0,2.0,15000000.0,0.0,0.0,0.0,1.0,0.0,17.142857142857142
27260|범물한라창신태성맨션|apartment|84,2026-02,27260,apartment,84,292000000.0,292000000.0,1.0,1.0,190000000.0,65.06849315068493,0.0,1.0,1.0,50.0,44.763092269326684
27260|범물한라창신태성맨션|apartment|84,2026-03,27260,apartment,84,240000000.0,266000000.0,1.0,1.0,20000000.0,7.518796992481203,-8.904109589041099,2.0,1.0,100.0,38.10679611650485
27260|범물한라창신태성맨션|apartment|over_101,2026-02,27260,apartment,over_101,0.0,0.0,0.0,2.0,160000000.0,0.0,0.0,0.0,1.0,0.0,10.224438902743142
27260|범물한라창신태성맨션|apartment|over_101,2026-03,27260,apartment,over_101,340000000.0,340000000.0,1.0,0.0,160000000.0,47.05882352941176,0.0,1.0,1.0,100.0,49.029126213592235
27260|범물한라창신태성맨션|apartment|over_101,2026-04,27260,apartment,over_101,340000000.0,340000000.0,0.0,1.0,250000000.0,73.52941176470588,0.0,0.0,1.0,100.0,63.59026369168357
27260|범물한라창신태성맨션|apartment|unknown,2026-04,27260,apartment,unknown,0.0,0.0,0.0,3.0,168000000.0,0.0,0.0,0.0,1.0,0.0,20.99391480730223
27260|범양|apartment|59,2026-04,27260,apartment,59,0.0,0.0,0.0,1.0,95000000.0,0.0,0.0,0.0,1.0,0.0,20.99391480730223
27260|범양|apartment|unknown,2026-04,27260,apartment,unknown,0.0,0.0,0.0,1.0,95000000.0,0.0,0.0,0.0,1.0,0.0,20.99391480730223
27260|범어 화산샬레|apartment|59,2026-01,27260,apartment,59,0.0,0.0,0.0,1.0,30000000.0,0.0,0.0,0.0,1.0,0.0,17.142857142857142
27260|범어 화산샬레|apartment|59,2026-02,27260,apartment,59,0.0,0.0,0.0,2.0,30750000.0,0.0,0.0,0.0,1.0,0.0,10.224438902743142
27260|범어 화산샬레|apartment|74,2026-01,27260,apartment,74,0.0,0.0,0.0,2.0,225000000.0,0.0,0.0,0.0,1.0,0.0,17.142857142857142
27260|범어 화산샬레|apartment|84,2026-03,27260,apartment,84,0.0,0.0,0.0,1.0,400000000.0,0.0,0.0,0.0,1.0,0.0,8.859223300970873
27260|범어 화산샬레|apartment|84,2026-04,27260,apartment,84,870000000.0,870000000.0,1.0,0.0,400000000.0,45.97701149425287,0.0,1.0,1.0,100.0,89.8580121703854
27260|범어STX칸|apartment|84,2026-01,27260,apartment,84,755000000.0,755000000.0,1.0,0.0,0.0,0.0,0.0,1.0,1.0,33.33333333333333,81.0
27260|범어STX칸|apartment|84,2026-02,27260,apartment,84,755000000.0,755000000.0,0.0,0.0,0.0,0.0,0.0,0.0,1.0,33.33333333333333,79.80049875311721
27260|범어STX칸|apartment|84,2026-03,27260,apartment,84,825000000.0,790000000.0,2.0,0.0,0.0,0.0,0.0,4.0,1.0,100.0,82.52427184466019
27260|범어STX칸|apartment|84,2026-04,27260,apartment,84,825000000.0,807500000.0,0.0,1.0,30000000.0,3.7151702786377707,0.0,0.0,2.0,66.66666666666666,88.23529411764706
27260|범어STX칸|apartment|over_101,2026-01,27260,apartment,over_101,1800000000.0,1800000000.0,1.0,0.0,0.0,0.0,0.0,1.0,1.0,100.0,99.42857142857143
27260|범어STX칸|apartment|over_101,2026-02,27260,apartment,over_101,1800000000.0,1800000000.0,0.0,1.0,650000000.0,36.11111111111111,0.0,0.0,1.0,100.0,99.25187032418953
27260|범어STX칸|apartment|over_101,2026-03,27260,apartment,over_101,1800000000.0,1800000000.0,0.0,0.0,650000000.0,36.11111111111111,0.0,0.0,0.0,100.0,99.27184466019418
27260|범어STX칸|apartment|over_101,2026-04,27260,apartment,over_101,1800000000.0,1800000000.0,0.0,1.0,560000000.0,31.11111111111111,0.0,0.0,0.0,0.0,99.39148073022312
27260|범어STX칸|apartment|unknown,2026-04,27260,apartment,unknown,0.0,0.0,0.0,2.0,295000000.0,0.0,0.0,0.0,1.0,0.0,20.99391480730223
27260|범어네거리클래시아|apartment|59,2026-01,27260,apartment,59,197000000.0,197000000.0,1.0,0.0,0.0,0.0,0.0,1.0,1.0,20.0,42.714285714285715
27260|범어네거리클래시아|apartment|59,2026-02,27260,apartment,59,228500000.0,212750000.0,2.0,0.0,0.0,0.0,0.0,2.0,1.0,60.0,32.66832917705736
27260|범어네거리클래시아|apartment|59,2026-03,27260,apartment,59,223500000.0,218125000.0,2.0,0.0,0.0,0.0,0.0,1.3333333333333333,2.0,100.0,31.31067961165049
27260|범어동일하이빌|apartment|over_101,2026-04,27260,apartment,over_101,1400000000.0,1400000000.0,1.0,0.0,0.0,0.0,0.0,1.0,1.0,100.0,97.97160243407707
27260|범어라온프라이빗2차|apartment|74,2026-01,27260,apartment,74,0.0,0.0,0.0,1.0,100000000.0,0.0,0.0,0.0,1.0,0.0,17.142857142857142
27260|범어라온프라이빗2차|apartment|74,2026-02,27260,apartment,74,987500000.0,987500000.0,1.0,1.0,500000000.0,50.63291139240506,0.0,1.0,1.0,100.0,89.52618453865337
27260|범어라온프라이빗2차|apartment|84,2026-01,27260,apartment,84,1130000000.0,1130000000.0,1.0,1.0,100000000.0,8.849557522123893,0.0,1.0,1.0,33.33333333333333,94.28571428571428
27260|범어라온프라이빗2차|apartment|84,2026-02,27260,apartment,84,1150000000.0,1140000000.0,2.0,0.0,100000000.0,8.771929824561402,0.0,2.0,1.0,100.0,94.0149625935162
27260|범어라온프라이빗2차|apartment|84,2026-03,27260,apartment,84,1150000000.0,1145000000.0,0.0,0.0,100000000.0,8.73362445414847,0.0,0.0,1.0,100.0,93.44660194174757
27260|범어라온프라이빗2차|apartment|84,2026-04,27260,apartment,84,1150000000.0,1147500000.0,0.0,1.0,590000000.0,51.4161220043573,0.0,0.0,0.0,66.66666666666666,95.53752535496957
27260|범어라온프라이빗2차|apartment|unknown,2026-04,27260,apartment,unknown,0.0,0.0,0.0,1.0,590000000.0,0.0,0.0,0.0,1.0,0.0,20.99391480730223
27260|범어라온프라이빗|apartment|84,2026-01,27260,apartment,84,925000000.0,925000000.0,2.0,0.0,0.0,0.0,0.0,2.0,1.0,28.57142857142857,88.57142857142857
27260|범어라온프라이빗|apartment|84,2026-02,27260,apartment,84,850000000.0,887500000.0,3.0,3.0,400000000.0,45.07042253521127,-4.054054054054057,1.5,1.0,71.42857142857143,86.53366583541147
27260|범어라온프라이빗|apartment|84,2026-03,27260,apartment,84,842500000.0,865000000.0,2.0,2.0,452500000.0,52.312138728323696,-6.486486486486487,0.8,1.25,100.0,85.80097087378641
27260|범어라온프라이빗|apartment|84,2026-04,27260,apartment,84,820000000.0,842500000.0,1.0,1.0,450000000.0,53.41246290801187,-8.918918918918916,0.42857142857142855,0.6,85.71428571428571,89.04665314401623
27260|범어라온프라이빗|apartment|unknown,2026-04,27260,apartment,unknown,0.0,0.0,0.0,1.0,450000000.0,0.0,0.0,0.0,1.0,0.0,20.99391480730223
27260|범어롯데캐슬|apartment|84,2026-01,27260,apartment,84,0.0,0.0,0.0,1.0,430000000.0,0.0,0.0,0.0,1.0,0.0,17.142857142857142
27260|범어롯데캐슬|apartment|84,2026-02,27260,apartment,84,1060000000.0,1060000000.0,2.0,1.0,450000000.0,42.45283018867924,0.0,2.0,1.0,100.0,91.64588528678304
27260|범어롯데캐슬|apartment|84,2026-03,27260,apartment,84,1060000000.0,1060000000.0,0.0,1.0,450000000.0,42.45283018867924,0.0,0.0,1.0,100.0,90.89805825242718
27260|범어롯데캐슬|apartment|over_101,2026-01,27260,apartment,over_101,1720000000.0,1720000000.0,1.0,0.0,0.0,0.0,0.0,1.0,1.0,100.0,99.14285714285714
27260|범어목련|apartment|59,2026-03,27260,apartment,59,0.0,0.0,0.0,1.0,2000000.0,0.0,0.0,0.0,1.0,0.0,8.859223300970873
27260|범어목련|apartment|59,2026-04,27260,apartment,59,600850000.0,600850000.0,1.0,1.0,2000000.0,0.3328617791462095,0.0,1.0,1.0,100.0,80.32454361054768
27260|범어목련|apartment|unknown,2026-04,27260,apartment,unknown,0.0,0.0,0.0,1.0,2000000.0,0.0,0.0,0.0,1.0,0.0,20.99391480730223
27260|범어삼성쉐르빌|apartment|101,2026-03,27260,apartment,101,1020000000.0,1020000000.0,1.0,0.0,0.0,0.0,0.0,1.0,1.0,100.0,89.80582524271846
27260|범어삼성쉐르빌|apartment|84,2026-01,27260,apartment,84,970000000.0,970000000.0,1.0,0.0,0.0,0.0,0.0,1.0,1.0,50.0,89.42857142857143
27260|범어삼성쉐르빌|apartment|84,2026-02,27260,apartment,84,950000000.0,960000000.0,1.0,0.0,0.0,0.0,-1.0309278350515427,1.0,1.0,100.0,88.65336658354114
27260|범어삼성쉐르빌|apartment|84,2026-03,27260,apartment,84,950000000.0,955000000.0,0.0,0.0,0.0,0.0,-1.546391752577314,0.0,0.5,100.0,87.86407766990291
27260|범어삼성쉐르빌|apartment|84,2026-04,27260,apartment,84,950000000.0,952500000.0,0.0,1.0,500000000.0,52.493438320209975,-1.8041237113402109,0.0,0.0,50.0,91.88640973630832
27260|범어삼성쉐르빌|apartment|over_101,2026-01,27260,apartment,over_101,0.0,0.0,0.0,1.0,675000000.0,0.0,0.0,0.0,1.0,0.0,17.142857142857142
27260|범어삼성쉐르빌|apartment|unknown,2026-04,27260,apartment,unknown,0.0,0.0,0.0,1.0,500000000.0,0.0,0.0,0.0,1.0,0.0,20.99391480730223
27260|범어삼환나우빌|apartment|84,2026-01,27260,apartment,84,585000000.0,585000000.0,2.0,0.0,0.0,0.0,0.0,2.0,1.0,66.66666666666666,75.14285714285714
27260|범어삼환나우빌|apartment|84,2026-02,27260,apartment,84,585000000.0,585000000.0,1.0,0.0,0.0,0.0,0.0,0.5,1.0,100.0,72.56857855361596
27260|범어삼환나우빌|apartment|over_101,2026-02,27260,apartment,over_101,640000000.0,640000000.0,1.0,0.0,0.0,0.0,0.0,1.0,1.0,100.0,76.30922693266832
27260|범어서한포레스트|apartment|101,2026-02,27260,apartment,101,0.0,0.0,0.0,1.0,500000000.0,0.0,0.0,0.0,1.0,0.0,10.224438902743142
27260|범어서한포레스트|apartment|84,2026-01,27260,apartment,84,0.0,0.0,0.0,1.0,370000000.0,0.0,0.0,0.0,1.0,0.0,17.142857142857142
27260|범어서한포레스트|apartment|84,2026-02,27260,apartment,84,960000000.0,960000000.0,1.0,1.0,480000000.0,50.0,0.0,1.0,1.0,50.0,88.65336658354114
27260|범어서한포레스트|apartment|84,2026-03,27260,apartment,84,994000000.0,977000000.0,1.0,1.0,20000000.0,2.047082906857728,0.0,2.0,1.0,100.0,88.59223300970875
27260|범어센트럴푸르지오|apartment|84,2026-01,27260,apartment,84,1192500000.0,1192500000.0,14.0,2.0,510000000.0,42.76729559748428,0.0,14.0,1.0,48.275862068965516,95.42857142857143
27260|범어센트럴푸르지오|apartment|84,2026-02,27260,apartment,84,1210000000.0,1201250000.0,10.0,4.0,485000000.0,40.37460978147763,0.0,0.7142857142857143,1.0,82.75862068965517,95.01246882793018
27260|범어센트럴푸르지오|apartment|84,2026-03,27260,apartment,84,1345000000.0,1273125000.0,5.0,7.0,420000000.0,32.98969072164948,0.0,0.4166666666666667,0.5357142857142857,100.0,94.66019417475728
27260|범어센트럴푸르지오|apartment|84,2026-04,27260,apartment,84,1192250000.0,1232687500.0,8.0,5.0,460000000.0,37.316838209197385,-3.176239567992145,0.8275862068965518,0.5416666666666666,79.3103448275862,96.34888438133873
27260|범어센트럴푸르지오|apartment|unknown,2026-04,27260,apartment,unknown,0.0,0.0,0.0,5.0,460000000.0,0.0,0.0,0.0,1.0,0.0,20.99391480730223
27260|범어숲화성파크드림S|apartment|84,2026-01,27260,apartment,84,780000000.0,780000000.0,5.0,0.0,0.0,0.0,0.0,5.0,1.0,50.0,83.71428571428572
27260|범어숲화성파크드림S|apartment|84,2026-02,27260,apartment,84,744000000.0,762000000.0,2.0,3.0,30000000.0,3.937007874015748,-2.3076923076923106,0.4,1.0,70.0,81.29675810473816
27260|범어숲화성파크드림S|apartment|84,2026-03,27260,apartment,84,735000000.0,748500000.0,3.0,1.0,341000000.0,45.557782231128925,-4.038461538461535,0.8571428571428571,0.5,100.0,79.12621359223301
27260|범어숲화성파크드림S|apartment|84,2026-04,27260,apartment,84,735000000.0,741750000.0,0.0,1.0,367500000.0,49.54499494438827,-4.903846153846159,0.0,0.42857142857142855,50.0,85.39553752535497
27260|범어숲화성파크드림S|apartment|unknown,2026-04,27260,apartment,unknown,0.0,0.0,0.0,1.0,367500000.0,0.0,0.0,0.0,1.0,0.0,20.99391480730223
27260|범어쌍용예가|apartment|84,2026-03,27260,apartment,84,795000000.0,795000000.0,1.0,0.0,0.0,0.0,0.0,1.0,1.0,100.0,83.00970873786407
27260|범어쌍용예가|apartment|over_101,2026-01,27260,apartment,over_101,935000000.0,935000000.0,2.0,0.0,0.0,0.0,0.0,2.0,1.0,50.0,88.85714285714286
27260|범어쌍용예가|apartment|over_101,2026-02,27260,apartment,over_101,935000000.0,935000000.0,0.0,0.0,0.0,0.0,0.0,0.0,1.0,50.0,87.78054862842892
27260|범어쌍용예가|apartment|over_101,2026-03,27260,apartment,over_101,980000000.0,957500000.0,1.0,2.0,265000000.0,27.676240208877285,0.0,1.0,0.25,75.0,88.10679611650485
27260|범어쌍용예가|apartment|over_101,2026-04,27260,apartment,over_101,955000000.0,956250000.0,3.0,1.0,560000000.0,58.56209150326798,-0.13054830287205776,3.0,2.0,100.0,92.0892494929006
27260|범어쌍용예가|apartment|unknown,2026-04,27260,apartment,unknown,0.0,0.0,0.0,1.0,560000000.0,0.0,0.0,0.0,1.0,0.0,20.99391480730223
27260|범어아이파크1차아파트|apartment|84,2026-02,27260,apartment,84,0.0,0.0,0.0,2.0,40000000.0,0.0,0.0,0.0,1.0,0.0,10.224438902743142
27260|범어아이파크1차아파트|apartment|84,2026-03,27260,apartment,84,1445000000.0,1445000000.0,2.0,1.0,50000000.0,3.4602076124567476,0.0,2.0,1.0,50.0,97.33009708737865
27260|범어아이파크1차아파트|apartment|84,2026-04,27260,apartment,84,1222500000.0,1333750000.0,2.0,1.0,50000000.0,3.748828491096532,-7.698961937716264,2.0,1.0,100.0,97.56592292089249
27260|범어아이파크1차아파트|apartment|over_101,2026-03,27260,apartment,over_101,1855000000.0,1855000000.0,1.0,0.0,0.0,0.0,0.0,1.0,1.0,50.0,99.51456310679612
27260|범어아이파크1차아파트|apartment|over_101,2026-04,27260,apartment,over_101,1720000000.0,1787500000.0,1.0,0.0,0.0,0.0,-3.638814016172509,1.0,1.0,100.0,99.18864097363083
27260|범어아이파크1차아파트|apartment|unknown,2026-04,27260,apartment,unknown,0.0,0.0,0.0,1.0,50000000.0,0.0,0.0,0.0,1.0,0.0,20.99391480730223
27260|범어아진(665-1)|apartment|59,2026-01,27260,apartment,59,380000000.0,380000000.0,1.0,1.0,70000000.0,18.421052631578945,0.0,1.0,1.0,50.0,61.285714285714285
27260|범어아진(665-1)|apartment|59,2026-02,27260,apartment,59,527000000.0,453500000.0,1.0,1.0,2000000.0,0.4410143329658214,0.0,1.0,1.0,100.0,63.34164588528678
27260|범어에스케이뷰|apartment|74,2026-02,27260,apartment,74,0.0,0.0,0.0,1.0,40000000.0,0.0,0.0,0.0,1.0,0.0,10.224438902743142
27260|범어에스케이뷰|apartment|74,2026-03,27260,apartment,74,885000000.0,885000000.0,1.0,0.0,40000000.0,4.519774011299435,0.0,1.0,1.0,100.0,86.52912621359224
27260|범어에스케이뷰|apartment|84,2026-01,27260,apartment,84,1160000000.0,1160000000.0,1.0,3.0,200000000.0,17.24137931034483,0.0,1.0,1.0,10.0,95.0
27260|범어에스케이뷰|apartment|84,2026-02,27260,apartment,84,1155000000.0,1157500000.0,5.0,2.0,362500000.0,31.317494600431967,-0.21551724137931494,5.0,1.0,60.0,94.51371571072319
27260|범어에스케이뷰|apartment|84,2026-03,27260,apartment,84,1170000000.0,1163750000.0,4.0,0.0,362500000.0,31.149301825993554,0.0,1.3333333333333333,4.5,100.0,94.1747572815534
27260|범어에스케이뷰|apartment|84,2026-04,27260,apartment,84,1070000000.0,1116875000.0,1.0,3.0,580000000.0,51.9306099608282,-4.027926960257789,0.3,0.8333333333333334,100.0,94.9290060851927
27260|범어에스케이뷰|apartment|over_101,2026-01,27260,apartment,over_101,0.0,0.0,0.0,1.0,100000000.0,0.0,0.0,0.0,1.0,0.0,17.142857142857142
27260|범어에스케이뷰|apartment|over_101,2026-02,27260,apartment,over_101,1655000000.0,1655000000.0,2.0,0.0,100000000.0,6.042296072507553,0.0,2.0,1.0,100.0,98.75311720698254
27260|범어에스케이뷰|apartment|unknown,2026-04,27260,apartment,unknown,0.0,0.0,0.0,3.0,580000000.0,0.0,0.0,0.0,1.0,0.0,20.99391480730223
27260|범어에일린의뜰|apartment|74,2026-01,27260,apartment,74,915000000.0,915000000.0,2.0,2.0,250000000.0,27.322404371584703,0.0,2.0,1.0,22.22222222222222,87.85714285714286
27260|범어에일린의뜰|apartment|74,2026-02,27260,apartment,74,1008500000.0,961750000.0,4.0,4.0,356250000.0,37.04185079282558,0.0,2.0,1.0,66.66666666666666,89.02743142144638
27260|범어에일린의뜰|apartment|74,2026-03,27260,apartment,74,910000000.0,935875000.0,3.0,2.0,225000000.0,24.04167223186857,-2.6904081102157473,1.0,1.75,100.0,87.37864077669903
27260|범어에일린의뜰|apartment|74,2026-04,27260,apartment,74,1020000000.0,977937500.0,2.0,0.0,225000000.0,23.00760529174922,0.0,0.6666666666666666,0.8333333333333334,100.0,92.49492900608519
27260|범어에일린의뜰|apartment|84,2026-01,27260,apartment,84,1200000000.0,1200000000.0,3.0,2.0,280000000.0,23.333333333333332,0.0,3.0,1.0,50.0,95.71428571428572
27260|범어에일린의뜰|apartment|84,2026-02,27260,apartment,84,1192500000.0,1196250000.0,2.0,1.0,520000000.0,43.46917450365726,-0.31250000000000444,0.6666666666666666,1.0,83.33333333333334,94.76309226932669
27260|범어에일린의뜰|apartment|84,2026-03,27260,apartment,84,1099000000.0,1147625000.0,1.0,2.0,325000000.0,28.319355190066442,-4.364583333333338,0.4,0.5,100.0,93.68932038834951
27260|범어에일린의뜰|apartment|84,2026-04,27260,apartment,84,1260000000.0,1203812500.0,1.0,1.0,550000000.0,45.68817818389492,0.0,0.5,0.4,66.66666666666666,95.94320486815415
27260|범어에일린의뜰|apartment|over_101,2026-01,27260,apartment,over_101,1400000000.0,1400000000.0,1.0,1.0,80000000.0,5.714285714285714,0.0,1.0,1.0,100.0,97.28571428571429
27260|범어에일린의뜰|apartment|over_101,2026-02,27260,apartment,over_101,1400000000.0,1400000000.0,0.0,0.0,80000000.0,5.714285714285714,0.0,0.0,1.0,100.0,96.75810473815461
27260|범어에일린의뜰|apartment|over_101,2026-03,27260,apartment,over_101,1400000000.0,1400000000.0,0.0,1.0,100000000.0,7.142857142857142,0.0,0.0,0.0,100.0,96.84466019417476
27260|범어에일린의뜰|apartment|over_101,2026-04,27260,apartment,over_101,1380000000.0,1390000000.0,1.0,0.0,100000000.0,7.194244604316546,-0.7142857142857117,3.0,1.0,100.0,97.76876267748479
27260|범어에일린의뜰|apartment|unknown,2026-04,27260,apartment,unknown,0.0,0.0,0.0,1.0,550000000.0,0.0,0.0,0.0,1.0,0.0,20.99391480730223
27260|범어역아이위시|apartment|59,2026-01,27260,apartment,59,223000000.0,223000000.0,1.0,0.0,0.0,0.0,0.0,1.0,1.0,33.33333333333333,45.14285714285714
27260|범어역아이위시|apartment|59,2026-02,27260,apartment,59,223000000.0,223000000.0,0.0,0.0,0.0,0.0,0.0,0.0,1.0,33.33333333333333,34.413965087281795
27260|범어역아이위시|apartment|59,2026-03,27260,apartment,59,200000000.0,211500000.0,1.0,1.0,220000000.0,104.01891252955082,-5.156950672645744,2.0,0.5,66.66666666666666,30.582524271844658
27260|범어역아이위시|apartment|59,2026-04,27260,apartment,59,242500000.0,227000000.0,2.0,0.0,220000000.0,96.91629955947137,0.0,3.0,3.0,100.0,51.3184584178499
27260|범어역아이위시|apartment|under_40,2026-01,27260,apartment,under_40,0.0,0.0,0.0,4.0,7500000.0,0.0,0.0,0.0,1.0,0.0,17.142857142857142
27260|범어역아이위시|apartment|under_40,2026-02,27260,apartment,under_40,0.0,0.0,0.0,1.0,90000000.0,0.0,0.0,0.0,1.0,0.0,10.224438902743142
27260|범어역아이위시|apartment|under_40,2026-03,27260,apartment,under_40,0.0,0.0,0.0,3.0,20000000.0,0.0,0.0,0.0,1.0,0.0,8.859223300970873
27260|범어역아이위시|apartment|under_40,2026-04,27260,apartment,under_40,0.0,0.0,0.0,1.0,10000000.0,0.0,0.0,0.0,1.0,0.0,20.99391480730223
27260|범어역아이위시|apartment|unknown,2026-04,27260,apartment,unknown,0.0,0.0,0.0,1.0,10000000.0,0.0,0.0,0.0,1.0,0.0,20.99391480730223
27260|범어역우방유쉘|apartment|over_101,2026-01,27260,apartment,over_101,750000000.0,750000000.0,1.0,0.0,0.0,0.0,0.0,1.0,1.0,16.666666666666664,80.57142857142857
27260|범어역우방유쉘|apartment|over_101,2026-02,27260,apartment,over_101,800000000.0,775000000.0,1.0,1.0,400000000.0,51.61290322580645,0.0,1.0,1.0,33.33333333333333,82.16957605985037
27260|범어역우방유쉘|apartment|over_101,2026-03,27260,apartment,over_101,790000000.0,782500000.0,3.0,0.0,400000000.0,51.118210862619804,0.0,3.0,2.0,83.33333333333334,81.31067961165049
27260|범어역우방유쉘|apartment|over_101,2026-04,27260,apartment,over_101,829500000.0,806000000.0,2.0,1.0,0.0,0.0,0.0,1.2,2.5,100.0,88.03245436105477
27260|범어역우방유쉘|apartment|unknown,2026-04,27260,apartment,unknown,0.0,0.0,0.0,1.0,0.0,0.0,0.0,0.0,1.0,0.0,20.99391480730223
27260|범어역풀비체투인원|apartment|under_40,2026-01,27260,apartment,under_40,88000000.0,88000000.0,1.0,1.0,10000000.0,11.363636363636363,0.0,1.0,1.0,100.0,34.57142857142857
27260|범어역풀비체투인원|apartment|under_40,2026-02,27260,apartment,under_40,88000000.0,88000000.0,0.0,1.0,10000000.0,11.363636363636363,0.0,0.0,1.0,100.0,20.698254364089774
27260|범어예시아파트|apartment|84,2026-02,27260,apartment,84,0.0,0.0,0.0,1.0,390000000.0,0.0,0.0,0.0,1.0,0.0,10.224438902743142
27260|범어예시아파트|apartment|84,2026-03,27260,apartment,84,650000000.0,650000000.0,1.0,0.0,390000000.0,60.0,0.0,1.0,1.0,100.0,75.8495145631068
27260|범어우방그린빌|apartment|over_101,2026-02,27260,apartment,over_101,925000000.0,925000000.0,1.0,0.0,0.0,0.0,0.0,1.0,1.0,100.0,87.1571072319202
27260|범어우방파크빌|apartment|over_101,2026-02,27260,apartment,over_101,0.0,0.0,0.0,1.0,700000000.0,0.0,0.0,0.0,1.0,0.0,10.224438902743142
27260|범어우방파크빌|apartment|over_101,2026-03,27260,apartment,over_101,1550000000.0,1550000000.0,1.0,0.0,700000000.0,45.16129032258064,0.0,1.0,1.0,100.0,98.05825242718447
27260|범어월드메르디앙웨스턴카운티|apartment|84,2026-03,27260,apartment,84,647000000.0,647000000.0,3.0,0.0,0.0,0.0,0.0,3.0,1.0,100.0,75.48543689320388
27260|범어월드메르디앙웨스턴카운티|apartment|84,2026-04,27260,apartment,84,647000000.0,647000000.0,0.0,1.0,379000000.0,58.57805255023184,0.0,0.0,1.0,100.0,82.75862068965517
27260|범어월드메르디앙웨스턴카운티|apartment|over_101,2026-01,27260,apartment,over_101,855000000.0,855000000.0,5.0,1.0,50000000.0,5.847953216374268,0.0,5.0,1.0,45.45454545454545,86.57142857142858
27260|범어월드메르디앙웨스턴카운티|apartment|over_101,2026-02,27260,apartment,over_101,820000000.0,837500000.0,5.0,2.0,265000000.0,31.64179104477612,-2.046783625730997,1.0,1.0,90.9090909090909,84.78802992518703
27260|범어월드메르디앙웨스턴카운티|apartment|over_101,2026-03,27260,apartment,over_101,740000000.0,788750000.0,1.0,0.0,265000000.0,33.597464342313785,-7.748538011695905,0.2,0.6,100.0,82.03883495145631
27260|범어월드메르디앙웨스턴카운티|apartment|over_101,2026-04,27260,apartment,over_101,762500000.0,775625000.0,2.0,4.0,555000000.0,71.55519742143433,-9.28362573099415,0.5454545454545455,0.3,72.72727272727273,86.40973630831643
27260|범어월드메르디앙웨스턴카운티|apartment|unknown,2026-04,27260,apartment,unknown,0.0,0.0,0.0,5.0,500000000.0,0.0,0.0,0.0,1.0,0.0,20.99391480730223
27260|범어월드메르디앙이스턴카운티|apartment|84,2026-01,27260,apartment,84,555000000.0,555000000.0,1.0,0.0,0.0,0.0,0.0,1.0,1.0,33.33333333333333,73.14285714285714
27260|범어월드메르디앙이스턴카운티|apartment|84,2026-02,27260,apartment,84,580000000.0,567500000.0,1.0,1.0,340000000.0,59.91189427312775,0.0,1.0,1.0,66.66666666666666,71.571072319202
27260|범어월드메르디앙이스턴카운티|apartment|84,2026-03,27260,apartment,84,600000000.0,583750000.0,1.0,0.0,340000000.0,58.2441113490364,0.0,1.0,1.0,100.0,70.50970873786407
27260|범어월드메르디앙이스턴카운티|apartment|over_101,2026-01,27260,apartment,over_101,0.0,0.0,0.0,1.0,50000000.0,0.0,0.0,0.0,1.0,0.0,17.142857142857142
27260|범어월드메르디앙이스턴카운티|apartment|over_101,2026-02,27260,apartment,over_101,0.0,0.0,0.0,0.0,50000000.0,0.0,0.0,0.0,1.0,0.0,10.224438902743142
27260|범어월드메르디앙이스턴카운티|apartment|over_101,2026-03,27260,apartment,over_101,0.0,0.0,0.0,0.0,50000000.0,0.0,0.0,0.0,1.0,0.0,8.859223300970873
27260|범어월드메르디앙이스턴카운티|apartment|over_101,2026-04,27260,apartment,over_101,0.0,0.0,0.0,1.0,50000000.0,0.0,0.0,0.0,1.0,0.0,20.99391480730223
27260|범어월드메르디앙이스턴카운티|apartment|unknown,2026-04,27260,apartment,unknown,0.0,0.0,0.0,1.0,50000000.0,0.0,0.0,0.0,1.0,0.0,20.99391480730223
27260|범어자이|apartment|84,2026-01,27260,apartment,84,0.0,0.0,0.0,1.0,100000000.0,0.0,0.0,0.0,1.0,0.0,17.142857142857142
27260|범어자이|apartment|84,2026-02,27260,apartment,84,0.0,0.0,0.0,0.0,100000000.0,0.0,0.0,0.0,1.0,0.0,10.224438902743142
27260|범어자이|apartment|84,2026-03,27260,apartment,84,0.0,0.0,0.0,2.0,55000000.0,0.0,0.0,0.0,1.0,0.0,8.859223300970873
27260|범어자이|apartment|84,2026-04,27260,apartment,84,0.0,0.0,0.0,4.0,225000000.0,0.0,0.0,0.0,1.0,0.0,20.99391480730223
27260|범어자이|apartment|over_101,2026-03,27260,apartment,over_101,0.0,0.0,0.0,1.0,100000000.0,0.0,0.0,0.0,1.0,0.0,8.859223300970873
27260|범어자이|apartment|unknown,2026-04,27260,apartment,unknown,0.0,0.0,0.0,4.0,225000000.0,0.0,0.0,0.0,1.0,0.0,20.99391480730223
27260|범어청구푸른마을|apartment|59,2026-02,27260,apartment,59,395000000.0,395000000.0,1.0,2.0,110000000.0,27.848101265822784,0.0,1.0,1.0,100.0,57.107231920199496
27260|범어청구푸른마을|apartment|84,2026-01,27260,apartment,84,630000000.0,630000000.0,1.0,1.0,360000000.0,57.14285714285714,0.0,1.0,1.0,33.33333333333333,77.14285714285715
27260|범어청구푸른마을|apartment|84,2026-02,27260,apartment,84,632500000.0,631250000.0,2.0,1.0,315000000.0,49.9009900990099,0.0,2.0,1.0,100.0,75.93516209476309
27260|범어청구푸른마을|apartment|84,2026-03,27260,apartment,84,632500000.0,631875000.0,0.0,1.0,210000000.0,33.23442136498516,0.0,0.0,1.0,100.0,74.75728155339806
27260|범어청구푸른마을|apartment|84,2026-04,27260,apartment,84,632500000.0,632187500.0,0.0,2.0,307250000.0,48.60108749382106,0.0,0.0,0.0,66.66666666666666,81.94726166328601
27260|범어청구푸른마을|apartment|over_101,2026-02,27260,apartment,over_101,680000000.0,680000000.0,1.0,1.0,20000000.0,2.941176470588235,0.0,1.0,1.0,100.0,78.55361596009975
27260|범어청구푸른마을|apartment|over_101,2026-03,27260,apartment,over_101,680000000.0,680000000.0,0.0,2.0,235000000.0,34.55882352941176,0.0,0.0,1.0,100.0,77.42718446601941
27260|범어청구푸른마을|apartment|unknown,2026-04,27260,apartment,unknown,0.0,0.0,0.0,2.0,307250000.0,0.0,0.0,0.0,1.0,0.0,20.99391480730223
27260|범어청구하이츠|apartment|59,2026-02,27260,apartment,59,394000000.0,394000000.0,2.0,0.0,0.0,0.0,0.0,2.0,1.0,100.0,56.35910224438903
27260|범어청구하이츠|apartment|59,2026-03,27260,apartment,59,394000000.0,394000000.0,0.0,0.0,0.0,0.0,0.0,0.0,1.0,100.0,54.85436893203883
27260|범어청구하이츠|apartment|59,2026-04,27260,apartment,59,394000000.0,394000000.0,0.0,1.0,230000000.0,58.37563451776649,0.0,0.0,0.0,100.0,68.15415821501014
27260|범어청구하이츠|apartment|84,2026-01,27260,apartment,84,647500000.0,647500000.0,2.0,0.0,0.0,0.0,0.0,2.0,1.0,40.0,77.42857142857143
27260|범어청구하이츠|apartment|84,2026-02,27260,apartment,84,668500000.0,658000000.0,2.0,0.0,0.0,0.0,0.0,1.0,1.0,80.0,77.55610972568579
27260|범어청구하이츠|apartment|84,2026-03,27260,apartment,84,665000000.0,661500000.0,1.0,1.0,300000000.0,45.3514739229025,0.0,0.5,0.75,100.0,76.69902912621359
27260|범어청구하이츠|apartment|84,2026-04,27260,apartment,84,665000000.0,663250000.0,0.0,3.0,315000000.0,47.4934036939314,0.0,0.0,0.25,60.0,83.16430020283975
27260|범어청구하이츠|apartment|unknown,2026-04,27260,apartment,unknown,0.0,0.0,0.0,4.0,272500000.0,0.0,0.0,0.0,1.0,0.0,20.99391480730223
27260|범어태왕아너스|apartment|84,2026-02,27260,apartment,84,532500000.0,532500000.0,4.0,1.0,250000000.0,46.948356807511736,0.0,4.0,1.0,40.0,69.32668329177058
27260|범어태왕아너스|apartment|84,2026-03,27260,apartment,84,532500000.0,532500000.0,4.0,0.0,250000000.0,46.948356807511736,0.0,1.0,1.0,80.0,67.23300970873787
27260|범어태왕아너스|apartment|84,2026-04,27260,apartment,84,551000000.0,541750000.0,2.0,2.0,165000000.0,30.456852791878177,0.0,0.5,0.75,100.0,77.28194726166329
27260|범어태왕아너스|apartment|over_101,2026-02,27260,apartment,over_101,645000000.0,645000000.0,1.0,0.0,0.0,0.0,0.0,1.0,1.0,33.33333333333333,76.68329177057358
27260|범어태왕아너스|apartment|over_101,2026-03,27260,apartment,over_101,635000000.0,640000000.0,2.0,1.0,470000000.0,73.4375,-0.7751937984496138,2.0,1.0,100.0,75.0
27260|범어태왕아너스|apartment|unknown,2026-04,27260,apartment,unknown,0.0,0.0,0.0,2.0,165000000.0,0.0,0.0,0.0,1.0,0.0,20.99391480730223
27260|범어풀비체|apartment|84,2026-01,27260,apartment,84,879000000.0,879000000.0,2.0,3.0,450000000.0,51.19453924914675,0.0,2.0,1.0,100.0,87.14285714285714
27260|범어풀비체|apartment|84,2026-02,27260,apartment,84,879000000.0,879000000.0,0.0,2.0,50000000.0,5.688282138794084,0.0,0.0,1.0,100.0,86.28428927680798
27260|범어풀비체|apartment|84,2026-03,27260,apartment,84,879000000.0,879000000.0,0.0,0.0,50000000.0,5.688282138794084,0.0,0.0,0.0,100.0,86.16504854368931
27260|범어풀비체|apartment|84,2026-04,27260,apartment,84,879000000.0,879000000.0,0.0,1.0,490000000.0,55.745164960182024,0.0,0.0,0.0,0.0,90.06085192697769
27260|범어풀비체|apartment|unknown,2026-04,27260,apartment,unknown,0.0,0.0,0.0,1.0,490000000.0,0.0,0.0,0.0,1.0,0.0,20.99391480730223
27260|범어화성파크드림|apartment|84,2026-01,27260,apartment,84,0.0,0.0,0.0,1.0,350000000.0,0.0,0.0,0.0,1.0,0.0,17.142857142857142
27260|범어효성해링턴플레이스|apartment|59,2026-01,27260,apartment,59,758000000.0,758000000.0,1.0,2.0,400000000.0,52.770448548812666,0.0,1.0,1.0,50.0,81.71428571428572
27260|범어효성해링턴플레이스|apartment|59,2026-02,27260,apartment,59,758000000.0,758000000.0,0.0,0.0,400000000.0,52.770448548812666,0.0,0.0,1.0,50.0,80.54862842892769
27260|범어효성해링턴플레이스|apartment|59,2026-03,27260,apartment,59,780000000.0,769000000.0,1.0,0.0,400000000.0,52.015604681404426,0.0,2.0,0.5,100.0,80.33980582524272
27260|범어효성해링턴플레이스|apartment|74,2026-02,27260,apartment,74,0.0,0.0,0.0,1.0,450000000.0,0.0,0.0,0.0,1.0,0.0,10.224438902743142
27260|범어효성해링턴플레이스|apartment|84,2026-01,27260,apartment,84,0.0,0.0,0.0,2.0,282250000.0,0.0,0.0,0.0,1.0,0.0,17.142857142857142
27260|범어효성해링턴플레이스|apartment|84,2026-02,27260,apartment,84,0.0,0.0,0.0,1.0,170000000.0,0.0,0.0,0.0,1.0,0.0,10.224438902743142
27260|범어효성해링턴플레이스|apartment|84,2026-03,27260,apartment,84,1100000000.0,1100000000.0,1.0,0.0,170000000.0,15.454545454545453,0.0,1.0,1.0,100.0,92.23300970873787
27260|범어효성해링턴플레이스|apartment|84,2026-04,27260,apartment,84,1100000000.0,1100000000.0,0.0,1.0,515000000.0,46.81818181818182,0.0,0.0,1.0,100.0,94.52332657200812
27260|범어효성해링턴플레이스|apartment|unknown,2026-04,27260,apartment,unknown,0.0,0.0,0.0,1.0,515000000.0,0.0,0.0,0.0,1.0,0.0,20.99391480730223
27260|보국시지웰리치|apartment|84,2026-03,27260,apartment,84,0.0,0.0,0.0,1.0,30000000.0,0.0,0.0,0.0,1.0,0.0,8.859223300970873
27260|보국시지웰리치|apartment|over_101,2026-02,27260,apartment,over_101,490000000.0,490000000.0,1.0,1.0,50000000.0,10.204081632653061,0.0,1.0,1.0,100.0,66.20947630922693
27260|보성|apartment|59,2026-01,27260,apartment,59,0.0,0.0,0.0,1.0,100000000.0,0.0,0.0,0.0,1.0,0.0,17.142857142857142
27260|보성|apartment|74,2026-03,27260,apartment,74,0.0,0.0,0.0,1.0,150000000.0,0.0,0.0,0.0,1.0,0.0,8.859223300970873
27260|보성맨션|apartment|84,2026-02,27260,apartment,84,0.0,0.0,0.0,1.0,20000000.0,0.0,0.0,0.0,1.0,0.0,10.224438902743142
27260|보성맨션|apartment|84,2026-03,27260,apartment,84,0.0,0.0,0.0,1.0,20000000.0,0.0,0.0,0.0,1.0,0.0,8.859223300970873
27260|보성맨션|apartment|84,2026-04,27260,apartment,84,250000000.0,250000000.0,1.0,2.0,25000000.0,10.0,0.0,1.0,1.0,100.0,54.259634888438136
27260|보성맨션|apartment|over_101,2026-02,27260,apartment,over_101,300000000.0,300000000.0,1.0,0.0,0.0,0.0,0.0,1.0,1.0,100.0,46.38403990024938
27260|보성맨션|apartment|over_101,2026-03,27260,apartment,over_101,300000000.0,300000000.0,0.0,1.0,20000000.0,6.666666666666667,0.0,0.0,1.0,100.0,44.1747572815534
27260|보성맨션|apartment|unknown,2026-04,27260,apartment,unknown,0.0,0.0,0.0,2.0,25000000.0,0.0,0.0,0.0,1.0,0.0,20.99391480730223
27260|보성송정타운|apartment|59,2026-02,27260,apartment,59,138000000.0,138000000.0,1.0,1.0,10000000.0,7.246376811594203,0.0,1.0,1.0,50.0,24.3142144638404
27260|보성송정타운|apartment|59,2026-03,27260,apartment,59,138000000.0,138000000.0,1.0,1.0,10000000.0,7.246376811594203,0.0,1.0,1.0,100.0,20.87378640776699
27260|보성송정타운|apartment|84,2026-01,27260,apartment,84,210000000.0,210000000.0,1.0,0.0,0.0,0.0,0.0,1.0,1.0,100.0,43.714285714285715
27260|보성송정타운|apartment|over_101,2026-02,27260,apartment,over_101,290000000.0,290000000.0,1.0,0.0,0.0,0.0,0.0,1.0,1.0,50.0,44.2643391521197
27260|보성송정타운|apartment|over_101,2026-03,27260,apartment,over_101,280000000.0,285000000.0,1.0,1.0,230000000.0,80.7017543859649,-1.7241379310344862,1.0,1.0,100.0,40.898058252427184
27260|브라운스톤범어|apartment|84,2026-01,27260,apartment,84,690000000.0,690000000.0,2.0,1.0,315000000.0,45.65217391304348,0.0,2.0,1.0,100.0,79.42857142857143
27260|브라운스톤범어|apartment|84,2026-02,27260,apartment,84,690000000.0,690000000.0,0.0,1.0,380000000.0,55.072463768115945,0.0,0.0,1.0,100.0,78.80299251870323
27260|브라운스톤범어|apartment|84,2026-03,27260,apartment,84,690000000.0,690000000.0,0.0,1.0,380000000.0,55.072463768115945,0.0,0.0,0.0,100.0,77.9126213592233
27260|브라운스톤범어|apartment|84,2026-04,27260,apartment,84,726500000.0,708250000.0,2.0,1.0,360000000.0,50.82950935404165,0.0,3.0,1.0,100.0,84.58417849898579
27260|브라운스톤범어|apartment|unknown,2026-04,27260,apartment,unknown,0.0,0.0,0.0,1.0,360000000.0,0.0,0.0,0.0,1.0,0.0,20.99391480730223
27260|빌리브범어120|apartment|74,2026-01,27260,apartment,74,1060000000.0,1060000000.0,1.0,2.0,465000000.0,43.86792452830189,0.0,1.0,1.0,50.0,92.57142857142857
27260|빌리브범어120|apartment|74,2026-02,27260,apartment,74,1095000000.0,1077500000.0,1.0,1.0,500000000.0,46.403712296983755,0.0,1.0,1.0,100.0,92.26932668329178
27260|빌리브범어120|apartment|74,2026-03,27260,apartment,74,1095000000.0,1086250000.0,0.0,2.0,214000000.0,19.700805523590333,0.0,0.0,0.5,100.0,91.99029126213593
27260|빌리브범어120|apartment|84,2026-01,27260,apartment,84,0.0,0.0,0.0,2.0,477500000.0,0.0,0.0,0.0,1.0,0.0,17.142857142857142
27260|빌리브범어120|apartment|84,2026-02,27260,apartment,84,0.0,0.0,0.0,2.0,565000000.0,0.0,0.0,0.0,1.0,0.0,10.224438902743142
27260|빌리브범어120|apartment|84,2026-03,27260,apartment,84,1420000000.0,1420000000.0,3.0,2.0,650000000.0,45.774647887323944,0.0,3.0,1.0,100.0,97.0873786407767
27260|빌리브범어|apartment|84,2026-01,27260,apartment,84,1350000000.0,1350000000.0,1.0,4.0,375000000.0,27.77777777777778,0.0,1.0,1.0,20.0,96.71428571428572
27260|빌리브범어|apartment|84,2026-02,27260,apartment,84,1380000000.0,1365000000.0,1.0,1.0,682500000.0,50.0,0.0,1.0,1.0,40.0,96.50872817955111
27260|빌리브범어|apartment|84,2026-03,27260,apartment,84,1320000000.0,1342500000.0,3.0,4.0,650000000.0,48.4171322160149,-1.6483516483516536,3.0,2.0,100.0,96.11650485436894
27260|빌리브범어|apartment|84,2026-04,27260,apartment,84,1319000000.0,1330750000.0,1.0,0.0,650000000.0,48.84463648318617,-2.5091575091575113,0.6,2.0,100.0,97.3630831643002
27260|빌리브헤리티지|apartment|over_101,2026-01,27260,apartment,over_101,0.0,0.0,0.0,1.0,950000000.0,0.0,0.0,0.0,1.0,0.0,17.142857142857142
27260|빌리브헤리티지|apartment|over_101,2026-02,27260,apartment,over_101,0.0,0.0,0.0,2.0,525000000.0,0.0,0.0,0.0,1.0,0.0,10.224438902743142
27260|사월보성|apartment|59,2026-01,27260,apartment,59,147000000.0,147000000.0,6.0,5.0,120000000.0,81.63265306122449,0.0,6.0,1.0,66.66666666666666,38.0
27260|사월보성|apartment|59,2026-02,27260,apartment,59,129000000.0,138000000.0,2.0,3.0,120000000.0,86.95652173913044,-6.122448979591832,0.3333333333333333,1.0,88.88888888888889,24.3142144638404
27260|사월보성|apartment|59,2026-03,27260,apartment,59,130000000.0,134000000.0,1.0,2.0,110000000.0,82.08955223880598,-8.843537414965985,0.25,0.25,100.0,20.388349514563107
27260|사월보성|apartment|59,2026-04,27260,apartment,59,135000000.0,134500000.0,2.0,4.0,100000000.0,74.34944237918215,-8.503401360544217,0.6666666666666666,0.375,55.55555555555556,43.40770791075051
27260|사월보성|apartment|84,2026-02,27260,apartment,84,260000000.0,260000000.0,3.0,2.0,225000000.0,86.53846153846155,0.0,3.0,1.0,75.0,39.52618453865336
27260|사월보성|apartment|84,2026-03,27260,apartment,84,248000000.0,254000000.0,1.0,1.0,227000000.0,89.37007874015748,-2.3076923076923106,0.3333333333333333,1.0,100.0,36.650485436893206
27260|사월보성|apartment|over_101,2026-02,27260,apartment,over_101,460000000.0,460000000.0,1.0,1.0,270000000.0,58.69565217391305,0.0,1.0,1.0,100.0,64.08977556109726
27260|사월보성|apartment|over_101,2026-03,27260,apartment,over_101,460000000.0,460000000.0,0.0,1.0,20000000.0,4.3478260869565215,0.0,0.0,1.0,100.0,61.89320388349514
27260|사월보성|apartment|unknown,2026-04,27260,apartment,unknown,0.0,0.0,0.0,4.0,100000000.0,0.0,0.0,0.0,1.0,0.0,20.99391480730223
27260|사월화성파크드림(1단지)|apartment|84,2026-01,27260,apartment,84,0.0,0.0,0.0,1.0,30000000.0,0.0,0.0,0.0,1.0,0.0,17.142857142857142
27260|사월화성파크드림(1단지)|apartment|84,2026-02,27260,apartment,84,384000000.0,384000000.0,1.0,0.0,30000000.0,7.8125,0.0,1.0,1.0,33.33333333333333,55.36159600997507
27260|사월화성파크드림(1단지)|apartment|84,2026-03,27260,apartment,84,428000000.0,406000000.0,1.0,0.0,30000000.0,7.389162561576355,0.0,2.0,1.0,66.66666666666666,56.55339805825243
27260|사월화성파크드림(1단지)|apartment|84,2026-04,27260,apartment,84,430000000.0,418000000.0,1.0,0.0,30000000.0,7.177033492822966,0.0,1.5,2.0,100.0,69.97971602434076
27260|사월화성파크드림(1단지)|apartment|over_101,2026-03,27260,apartment,over_101,530000000.0,530000000.0,1.0,0.0,0.0,0.0,0.0,1.0,1.0,100.0,66.62621359223301
27260|사월화성파크드림(2단지)|apartment|84,2026-02,27260,apartment,84,427000000.0,427000000.0,2.0,0.0,0.0,0.0,0.0,2.0,1.0,33.33333333333333,60.59850374064838
27260|사월화성파크드림(2단지)|apartment|84,2026-03,27260,apartment,84,447500000.0,437250000.0,4.0,1.0,210000000.0,48.02744425385935,0.0,2.0,1.0,100.0,59.95145631067961
27260|사월화성파크드림(2단지)|apartment|84,2026-04,27260,apartment,84,447500000.0,442375000.0,0.0,1.0,230000000.0,51.99208816049732,0.0,0.0,1.0,100.0,71.39959432048681
27260|사월화성파크드림(2단지)|apartment|unknown,2026-04,27260,apartment,unknown,0.0,0.0,0.0,1.0,230000000.0,0.0,0.0,0.0,1.0,0.0,20.99391480730223
27260|사월화성파크드림(3단지)|apartment|84,2026-01,27260,apartment,84,435000000.0,435000000.0,1.0,1.0,300000000.0,68.96551724137932,0.0,1.0,1.0,25.0,67.42857142857143
27260|사월화성파크드림(3단지)|apartment|84,2026-02,27260,apartment,84,403000000.0,419000000.0,1.0,0.0,300000000.0,71.59904534606206,-3.67816091954023,1.0,1.0,50.0,60.099750623441395
27260|사월화성파크드림(3단지)|apartment|84,2026-03,27260,apartment,84,485000000.0,452000000.0,2.0,0.0,300000000.0,66.3716814159292,0.0,2.0,1.5,100.0,61.04368932038835
27260|사월화성파크드림(3단지)|apartment|84,2026-04,27260,apartment,84,534000000.0,493000000.0,1.0,0.0,300000000.0,60.85192697768763,0.0,0.75,1.5,100.0,75.05070993914808
27260|사월화성파크드림(3단지)|apartment|over_101,2026-01,27260,apartment,over_101,620000000.0,620000000.0,1.0,0.0,0.0,0.0,0.0,1.0,1.0,100.0,76.57142857142857
27260|산장맨션|apartment|84,2026-01,27260,apartment,84,485000000.0,485000000.0,2.0,0.0,0.0,0.0,0.0,2.0,1.0,22.22222222222222,70.0
27260|산장맨션|apartment|84,2026-02,27260,apartment,84,540000000.0,512500000.0,5.0,1.0,30000000.0,5.853658536585367,0.0,2.5,1.0,77.77777777777779,67.33167082294264
27260|산장맨션|apartment|84,2026-03,27260,apartment,84,580500000.0,546500000.0,2.0,1.0,168000000.0,30.741079597438244,0.0,0.5714285714285714,1.75,100.0,67.71844660194175
27260|산장맨션|apartment|84,2026-04,27260,apartment,84,580500000.0,563500000.0,0.0,4.0,115000000.0,20.408163265306122,0.0,0.0,0.2857142857142857,77.77777777777779,78.09330628803245
27260|산장맨션|apartment|over_101,2026-04,27260,apartment,over_101,0.0,0.0,0.0,1.0,300000000.0,0.0,0.0,0.0,1.0,0.0,20.99391480730223
27260|산장맨션|apartment|unknown,2026-04,27260,apartment,unknown,0.0,0.0,0.0,5.0,200000000.0,0.0,0.0,0.0,1.0,0.0,20.99391480730223
27260|삼우수성타운|apartment|59,2026-01,27260,apartment,59,0.0,0.0,0.0,1.0,10000000.0,0.0,0.0,0.0,1.0,0.0,17.142857142857142
27260|삼우수성타운|apartment|84,2026-03,27260,apartment,84,0.0,0.0,0.0,1.0,20000000.0,0.0,0.0,0.0,1.0,0.0,8.859223300970873
27260|삼우수성타운|apartment|84,2026-04,27260,apartment,84,380000000.0,380000000.0,1.0,0.0,20000000.0,5.263157894736842,0.0,1.0,1.0,100.0,67.03853955375254
27260|삼익|apartment|84,2026-03,27260,apartment,84,0.0,0.0,0.0,1.0,50000000.0,0.0,0.0,0.0,1.0,0.0,8.859223300970873
27260|삼익|apartment|84,2026-04,27260,apartment,84,0.0,0.0,0.0,1.0,150000000.0,0.0,0.0,0.0,1.0,0.0,20.99391480730223
27260|삼익|apartment|unknown,2026-04,27260,apartment,unknown,0.0,0.0,0.0,1.0,150000000.0,0.0,0.0,0.0,1.0,0.0,20.99391480730223
27260|삼일(가)|apartment|59,2026-03,27260,apartment,59,0.0,0.0,0.0,1.0,5000000.0,0.0,0.0,0.0,1.0,0.0,8.859223300970873
27260|삼주타운|apartment|59,2026-01,27260,apartment,59,132000000.0,132000000.0,1.0,0.0,0.0,0.0,0.0,1.0,1.0,50.0,36.857142857142854
27260|삼주타운|apartment|59,2026-02,27260,apartment,59,132000000.0,132000000.0,0.0,2.0,52500000.0,39.77272727272727,0.0,0.0,1.0,50.0,23.19201995012469
27260|삼주타운|apartment|59,2026-03,27260,apartment,59,158500000.0,145250000.0,1.0,2.0,10000000.0,6.884681583476763,0.0,2.0,0.5,100.0,21.601941747572813
27260|삼주타운|apartment|84,2026-01,27260,apartment,84,0.0,0.0,0.0,1.0,150000000.0,0.0,0.0,0.0,1.0,0.0,17.142857142857142
27260|삼주타운|apartment|84,2026-02,27260,apartment,84,0.0,0.0,0.0,0.0,150000000.0,0.0,0.0,0.0,1.0,0.0,10.224438902743142
27260|삼주타운|apartment|84,2026-03,27260,apartment,84,182500000.0,182500000.0,1.0,0.0,150000000.0,82.1917808219178,0.0,1.0,1.0,100.0,27.669902912621357
27260|삼환|apartment|84,2026-03,27260,apartment,84,295000000.0,295000000.0,1.0,0.0,0.0,0.0,0.0,1.0,1.0,100.0,42.23300970873786
27260|새중동|apartment|59,2026-04,27260,apartment,59,0.0,0.0,0.0,1.0,20000000.0,0.0,0.0,0.0,1.0,0.0,20.99391480730223
27260|새중동|apartment|unknown,2026-04,27260,apartment,unknown,0.0,0.0,0.0,1.0,20000000.0,0.0,0.0,0.0,1.0,0.0,20.99391480730223
27260|새한|apartment|74,2026-03,27260,apartment,74,0.0,0.0,0.0,1.0,130000000.0,0.0,0.0,0.0,1.0,0.0,8.859223300970873
27260|서한두레|apartment|84,2026-01,27260,apartment,84,580000000.0,580000000.0,3.0,0.0,0.0,0.0,0.0,3.0,1.0,50.0,74.85714285714286
27260|서한두레|apartment|84,2026-02,27260,apartment,84,575000000.0,577500000.0,2.0,0.0,0.0,0.0,-0.4310344827586188,0.6666666666666666,1.0,83.33333333333334,72.06982543640898
27260|서한두레|apartment|84,2026-03,27260,apartment,84,590000000.0,583750000.0,1.0,1.0,30000000.0,5.139186295503212,0.0,0.4,0.5,100.0,70.50970873786407
27260|서한청산맨션|apartment|84,2026-02,27260,apartment,84,230000000.0,230000000.0,3.0,0.0,0.0,0.0,0.0,3.0,1.0,50.0,35.785536159601
27260|서한청산맨션|apartment|84,2026-03,27260,apartment,84,270000000.0,250000000.0,1.0,0.0,0.0,0.0,0.0,0.3333333333333333,1.0,66.66666666666666,36.16504854368932
27260|서한청산맨션|apartment|84,2026-04,27260,apartment,84,230000000.0,240000000.0,2.0,0.0,0.0,0.0,-4.0000000000000036,1.0,0.5,100.0,52.53549695740365
27260|서한화성타운|apartment|59,2026-01,27260,apartment,59,176000000.0,176000000.0,1.0,0.0,0.0,0.0,0.0,1.0,1.0,100.0,40.57142857142857
27260|서한화성타운|apartment|59,2026-02,27260,apartment,59,176000000.0,176000000.0,0.0,0.0,0.0,0.0,0.0,0.0,1.0,100.0,28.6783042394015
27260|서한화성타운|apartment|59,2026-03,27260,apartment,59,176000000.0,176000000.0,0.0,1.0,10000000.0,5.681818181818182,0.0,0.0,0.0,100.0,26.941747572815533
27260|서한화성타운|apartment|59,2026-04,27260,apartment,59,200000000.0,188000000.0,1.0,1.0,10000000.0,5.319148936170213,0.0,3.0,1.0,100.0,48.478701825557806
27260|서한화성타운|apartment|84,2026-01,27260,apartment,84,265000000.0,265000000.0,2.0,1.0,160000000.0,60.37735849056604,0.0,2.0,1.0,66.66666666666666,49.28571428571429
27260|서한화성타운|apartment|84,2026-02,27260,apartment,84,265000000.0,265000000.0,0.0,1.0,20000000.0,7.547169811320755,0.0,0.0,1.0,66.66666666666666,40.52369077306734
27260|서한화성타운|apartment|84,2026-03,27260,apartment,84,268000000.0,266500000.0,1.0,0.0,20000000.0,7.5046904315197,0.0,1.0,0.25,100.0,38.349514563106794
27260|서한화성타운|apartment|84,2026-04,27260,apartment,84,268000000.0,267250000.0,0.0,1.0,160000000.0,59.869036482694106,0.0,0.0,0.5,33.33333333333333,55.98377281947262
27260|서한화성타운|apartment|over_101,2026-02,27260,apartment,over_101,0.0,0.0,0.0,1.0,230000000.0,0.0,0.0,0.0,1.0,0.0,10.224438902743142
27260|서한화성타운|apartment|unknown,2026-04,27260,apartment,unknown,0.0,0.0,0.0,2.0,85000000.0,0.0,0.0,0.0,1.0,0.0,20.99391480730223
27260|성창파크빌2동|apartment|84,2026-01,27260,apartment,84,320000000.0,320000000.0,1.0,0.0,0.0,0.0,0.0,1.0,1.0,100.0,56.57142857142857
27260|송원맨션|apartment|84,2026-01,27260,apartment,84,195000000.0,195000000.0,1.0,0.0,0.0,0.0,0.0,1.0,1.0,50.0,42.285714285714285
27260|송원맨션|apartment|84,2026-02,27260,apartment,84,195000000.0,195000000.0,0.0,0.0,0.0,0.0,0.0,0.0,1.0,50.0,30.54862842892768
27260|송원맨션|apartment|84,2026-03,27260,apartment,84,185000000.0,190000000.0,1.0,0.0,0.0,0.0,-2.564102564102566,2.0,0.5,100.0,28.398058252427184
27260|송원맨션|apartment|over_101,2026-03,27260,apartment,over_101,335000000.0,335000000.0,1.0,1.0,200000000.0,59.70149253731343,0.0,1.0,1.0,100.0,48.05825242718447
27260|수성2차e-편한세상|apartment|84,2026-01,27260,apartment,84,843000000.0,843000000.0,2.0,0.0,0.0,0.0,0.0,2.0,1.0,100.0,86.0
27260|수성2차e-편한세상|apartment|over_101,2026-01,27260,apartment,over_101,1600000000.0,1600000000.0,1.0,0.0,0.0,0.0,0.0,1.0,1.0,33.33333333333333,98.42857142857143
27260|수성2차e-편한세상|apartment|over_101,2026-02,27260,apartment,over_101,1600000000.0,1600000000.0,0.0,0.0,0.0,0.0,0.0,0.0,1.0,33.33333333333333,98.25436408977556
27260|수성2차e-편한세상|apartment|over_101,2026-03,27260,apartment,over_101,946500000.0,1273250000.0,2.0,0.0,0.0,0.0,-20.421875,4.0,1.0,100.0,94.90291262135922
27260|수성2차e-편한세상|apartment|over_101,2026-04,27260,apartment,over_101,946500000.0,1109875000.0,0.0,2.0,75000000.0,6.757517738484063,-30.632812499999996,0.0,2.0,66.66666666666666,94.7261663286004
27260|수성2차e-편한세상|apartment|unknown,2026-04,27260,apartment,unknown,0.0,0.0,0.0,2.0,75000000.0,0.0,0.0,0.0,1.0,0.0,20.99391480730223
27260|수성3가롯데캐슬|apartment|101,2026-02,27260,apartment,101,950000000.0,950000000.0,1.0,0.0,0.0,0.0,0.0,1.0,1.0,100.0,88.2793017456359
27260|수성3가롯데캐슬|apartment|over_101,2026-01,27260,apartment,over_101,1100000000.0,1100000000.0,1.0,3.0,635000000.0,57.72727272727273,0.0,1.0,1.0,20.0,94.0
27260|수성3가롯데캐슬|apartment|over_101,2026-02,27260,apartment,over_101,1100000000.0,1100000000.0,0.0,1.0,710000000.0,64.54545454545455,0.0,0.0,1.0,20.0,93.01745635910224
27260|수성3가롯데캐슬|apartment|over_101,2026-03,27260,apartment,over_101,1240000000.0,1170000000.0,3.0,4.0,638750000.0,54.59401709401709,0.0,6.0,1.5,80.0,94.41747572815534
27260|수성3가롯데캐슬|apartment|over_101,2026-04,27260,apartment,over_101,1375000000.0,1272500000.0,2.0,1.0,100000000.0,7.858546168958743,0.0,1.5,5.0,100.0,96.75456389452333
27260|수성3가롯데캐슬|apartment|unknown,2026-04,27260,apartment,unknown,0.0,0.0,0.0,1.0,100000000.0,0.0,0.0,0.0,1.0,0.0,20.99391480730223
27260|수성3가화성파크드림1단지|apartment|over_101,2026-01,27260,apartment,over_101,1060000000.0,1060000000.0,1.0,1.0,650000000.0,61.32075471698113,0.0,1.0,1.0,100.0,92.57142857142857
27260|수성3가화성파크드림1단지|apartment|over_101,2026-02,27260,apartment,over_101,1060000000.0,1060000000.0,0.0,1.0,100000000.0,9.433962264150944,0.0,0.0,1.0,100.0,91.64588528678304
27260|수성3가화성파크드림1단지|apartment|over_101,2026-03,27260,apartment,over_101,1060000000.0,1060000000.0,0.0,1.0,600000000.0,56.60377358490566,0.0,0.0,0.0,100.0,90.89805825242718
27260|수성3가화성파크드림2단지|apartment|over_101,2026-01,27260,apartment,over_101,1010000000.0,1010000000.0,1.0,1.0,200000000.0,19.801980198019802,0.0,1.0,1.0,50.0,91.0
27260|수성3가화성파크드림2단지|apartment|over_101,2026-02,27260,apartment,over_101,1010000000.0,1010000000.0,1.0,0.0,200000000.0,19.801980198019802,0.0,1.0,1.0,100.0,90.52369077306733
27260|수성3가화성파크드림2단지|apartment|over_101,2026-03,27260,apartment,over_101,1010000000.0,1010000000.0,0.0,0.0,200000000.0,19.801980198019802,0.0,0.0,0.5,100.0,89.56310679611651
27260|수성3가화성파크드림2단지|apartment|over_101,2026-04,27260,apartment,over_101,1180000000.0,1095000000.0,1.0,1.0,100000000.0,9.1324200913242,0.0,1.5,0.5,100.0,94.32048681541582
27260|수성3가화성파크드림2단지|apartment|unknown,2026-04,27260,apartment,unknown,0.0,0.0,0.0,1.0,100000000.0,0.0,0.0,0.0,1.0,0.0,20.99391480730223
27260|수성SK리더스뷰|apartment|over_101,2026-01,27260,apartment,over_101,1052000000.0,1052000000.0,6.0,2.0,275000000.0,26.140684410646386,0.0,6.0,1.0,60.0,92.0
27260|수성SK리더스뷰|apartment|over_101,2026-02,27260,apartment,over_101,1450000000.0,1251000000.0,3.0,5.0,450000000.0,35.97122302158273,0.0,0.5,1.0,90.0,95.26184538653366
27260|수성SK리더스뷰|apartment|over_101,2026-03,27260,apartment,over_101,1500000000.0,1375500000.0,1.0,2.0,60000000.0,4.362050163576881,0.0,0.2222222222222222,0.3333333333333333,100.0,96.60194174757282
27260|수성SK리더스뷰|apartment|over_101,2026-04,27260,apartment,over_101,1035000000.0,1205250000.0,3.0,2.0,390000000.0,32.358431860609834,-12.377317339149396,0.8999999999999999,0.4444444444444444,70.0,96.14604462474645
27260|수성SK리더스뷰|apartment|unknown,2026-04,27260,apartment,unknown,0.0,0.0,0.0,2.0,390000000.0,0.0,0.0,0.0,1.0,0.0,20.99391480730223
27260|수성골드클래스더센텀|apartment|84,2026-01,27260,apartment,84,600000000.0,600000000.0,5.0,4.0,386350000.0,64.39166666666667,0.0,5.0,1.0,41.66666666666667,75.71428571428571
27260|수성골드클래스더센텀|apartment|84,2026-02,27260,apartment,84,603500000.0,601750000.0,6.0,11.0,350000000.0,58.163689239717485,0.0,1.2,1.0,91.66666666666666,73.81546134663341
27260|수성골드클래스더센텀|apartment|84,2026-03,27260,apartment,84,600000000.0,600875000.0,1.0,2.0,198750000.0,33.07676305387976,-0.14540922309929094,0.18181818181818182,0.7,100.0,72.0873786407767
27260|수성골드클래스더센텀|apartment|84,2026-04,27260,apartment,84,567500000.0,584187500.0,2.0,7.0,310000000.0,53.06515459505724,-2.9185708350643935,0.5,0.2727272727272727,75.0,79.3103448275862
27260|수성골드클래스더센텀|apartment|over_101,2026-01,27260,apartment,over_101,850000000.0,850000000.0,1.0,0.0,0.0,0.0,0.0,1.0,1.0,100.0,86.28571428571429
27260|수성골드클래스더센텀|apartment|over_101,2026-02,27260,apartment,over_101,850000000.0,850000000.0,0.0,1.0,500000000.0,58.82352941176471,0.0,0.0,1.0,100.0,85.16209476309227
27260|수성골드클래스더센텀|apartment|over_101,2026-03,27260,apartment,over_101,850000000.0,850000000.0,0.0,2.0,287500000.0,33.82352941176471,0.0,0.0,0.0,100.0,85.19417475728154
27260|수성골드클래스더센텀|apartment|unknown,2026-04,27260,apartment,unknown,0.0,0.0,0.0,7.0,310000000.0,0.0,0.0,0.0,1.0,0.0,20.99391480730223
27260|수성그린타운|apartment|59,2026-02,27260,apartment,59,389000000.0,389000000.0,1.0,1.0,230000000.0,59.12596401028277,0.0,1.0,1.0,33.33333333333333,55.86034912718204
27260|수성그린타운|apartment|59,2026-03,27260,apartment,59,389000000.0,389000000.0,0.0,1.0,20000000.0,5.141388174807198,0.0,0.0,1.0,33.33333333333333,54.36893203883495
27260|수성그린타운|apartment|59,2026-04,27260,apartment,59,394500000.0,391750000.0,2.0,0.0,20000000.0,5.105296745373325,0.0,4.0,1.0,100.0,67.95131845841786
27260|수성그린타운|apartment|84,2026-01,27260,apartment,84,570000000.0,570000000.0,1.0,0.0,0.0,0.0,0.0,1.0,1.0,50.0,74.14285714285714
27260|수성그린타운|apartment|84,2026-02,27260,apartment,84,463000000.0,516500000.0,1.0,0.0,0.0,0.0,-9.385964912280699,1.0,1.0,100.0,68.07980049875312
27260|수성그린타운|apartment|over_101,2026-04,27260,apartment,over_101,520000000.0,520000000.0,1.0,0.0,0.0,0.0,0.0,1.0,1.0,100.0,76.26774847870182
27260|수성대백인터빌|apartment|59,2026-01,27260,apartment,59,266000000.0,266000000.0,1.0,1.0,20000000.0,7.518796992481203,0.0,1.0,1.0,50.0,49.714285714285715
27260|수성대백인터빌|apartment|59,2026-02,27260,apartment,59,266000000.0,266000000.0,0.0,0.0,20000000.0,7.518796992481203,0.0,0.0,1.0,50.0,40.89775561097257
27260|수성대백인터빌|apartment|59,2026-03,27260,apartment,59,275000000.0,270500000.0,1.0,0.0,20000000.0,7.393715341959335,0.0,2.0,0.5,100.0,39.07766990291262
27260|수성대백인터빌|apartment|59,2026-04,27260,apartment,59,267000000.0,268750000.0,1.0,1.0,200000000.0,74.4186046511628,-0.6469500924214389,1.5,2.0,100.0,56.18661257606491
27260|수성대백인터빌|apartment|84,2026-03,27260,apartment,84,395000000.0,395000000.0,1.0,1.0,20000000.0,5.063291139240507,0.0,1.0,1.0,50.0,55.46116504854369
27260|수성대백인터빌|apartment|84,2026-04,27260,apartment,84,388000000.0,391500000.0,1.0,0.0,20000000.0,5.108556832694764,-0.8860759493670933,1.0,1.0,100.0,67.74847870182555
27260|수성대백인터빌|apartment|unknown,2026-04,27260,apartment,unknown,0.0,0.0,0.0,1.0,200000000.0,0.0,0.0,0.0,1.0,0.0,20.99391480730223
27260|수성더팰리스푸르지오더샵|apartment|59,2026-01,27260,apartment,59,365000000.0,365000000.0,3.0,2.0,20000000.0,5.47945205479452,0.0,3.0,1.0,21.428571428571427,59.857142857142854
27260|수성더팰리스푸르지오더샵|apartment|59,2026-02,27260,apartment,59,373500000.0,369250000.0,4.0,5.0,20000000.0,5.416384563303995,0.0,1.3333333333333333,1.0,50.0,53.11720698254364
27260|수성더팰리스푸르지오더샵|apartment|59,2026-03,27260,apartment,59,366000000.0,367625000.0,7.0,2.0,205000000.0,55.76334580074804,-0.4400812457684533,2.0,1.8333333333333333,100.0,51.69902912621359
27260|수성더팰리스푸르지오더샵|apartment|59,2026-04,27260,apartment,59,345000000.0,356312500.0,1.0,3.0,230000000.0,64.55007893352044,-3.5037237643872676,0.21428571428571427,1.1428571428571428,85.71428571428571,65.11156186612575
27260|수성더팰리스푸르지오더샵|apartment|74,2026-01,27260,apartment,74,465000000.0,465000000.0,2.0,1.0,231000000.0,49.67741935483871,0.0,2.0,1.0,40.0,68.57142857142857
27260|수성더팰리스푸르지오더샵|apartment|74,2026-02,27260,apartment,74,465000000.0,465000000.0,0.0,1.0,20000000.0,4.301075268817205,0.0,0.0,1.0,40.0,64.46384039900249
27260|수성더팰리스푸르지오더샵|apartment|74,2026-03,27260,apartment,74,487500000.0,476250000.0,2.0,1.0,20000000.0,4.199475065616798,0.0,2.0,0.5,80.0,62.86407766990292
27260|수성더팰리스푸르지오더샵|apartment|74,2026-04,27260,apartment,74,473000000.0,474625000.0,3.0,0.0,20000000.0,4.213853041875164,-0.34120734908136274,2.25,2.5,100.0,73.63083164300203
27260|수성더팰리스푸르지오더샵|apartment|84,2026-01,27260,apartment,84,600000000.0,600000000.0,1.0,1.0,340000000.0,56.666666666666664,0.0,1.0,1.0,33.33333333333333,75.71428571428571
27260|수성더팰리스푸르지오더샵|apartment|84,2026-02,27260,apartment,84,600000000.0,600000000.0,0.0,1.0,20000000.0,3.3333333333333335,0.0,0.0,1.0,33.33333333333333,73.44139650872819
27260|수성더팰리스푸르지오더샵|apartment|84,2026-03,27260,apartment,84,555000000.0,577500000.0,1.0,1.0,280000000.0,48.484848484848484,-3.749999999999998,2.0,0.5,66.66666666666666,69.66019417475728
27260|수성더팰리스푸르지오더샵|apartment|84,2026-04,27260,apartment,84,581500000.0,579500000.0,2.0,0.0,280000000.0,48.31751509922347,-3.416666666666668,3.0,3.0,100.0,78.49898580121703
27260|수성더팰리스푸르지오더샵|apartment|over_101,2026-02,27260,apartment,over_101,0.0,0.0,0.0,1.0,420000000.0,0.0,0.0,0.0,1.0,0.0,10.224438902743142
27260|수성더팰리스푸르지오더샵|apartment|unknown,2026-04,27260,apartment,unknown,0.0,0.0,0.0,3.0,230000000.0,0.0,0.0,0.0,1.0,0.0,20.99391480730223
27260|수성데시앙리버뷰|apartment|84,2026-01,27260,apartment,84,655000000.0,655000000.0,2.0,2.0,190000000.0,29.00763358778626,0.0,2.0,1.0,66.66666666666666,77.85714285714286
27260|수성데시앙리버뷰|apartment|84,2026-02,27260,apartment,84,585000000.0,620000000.0,1.0,0.0,190000000.0,30.64516129032258,-5.343511450381677,0.5,1.0,100.0,75.43640897755611
27260|수성데시앙리버뷰|apartment|84,2026-03,27260,apartment,84,585000000.0,602500000.0,0.0,2.0,140000000.0,23.236514522821576,-8.015267175572516,0.0,0.25,100.0,72.33009708737865
27260|수성데시앙리버뷰|apartment|84,2026-04,27260,apartment,84,680000000.0,641250000.0,1.0,0.0,140000000.0,21.832358674463936,-2.099236641221369,1.0,0.3333333333333333,66.66666666666666,82.55578093306288
27260|수성데시앙리버뷰|apartment|over_101,2026-03,27260,apartment,over_101,0.0,0.0,0.0,1.0,30000000.0,0.0,0.0,0.0,1.0,0.0,8.859223300970873
27260|수성동일하이빌레이크시티|apartment|84,2026-01,27260,apartment,84,0.0,0.0,0.0,1.0,23000000.0,0.0,0.0,0.0,1.0,0.0,17.142857142857142
27260|수성동일하이빌레이크시티|apartment|84,2026-02,27260,apartment,84,578000000.0,578000000.0,2.0,1.0,30000000.0,5.190311418685121,0.0,2.0,1.0,66.66666666666666,72.31920199501248
27260|수성동일하이빌레이크시티|apartment|84,2026-03,27260,apartment,84,578000000.0,578000000.0,0.0,1.0,200000000.0,34.602076124567475,0.0,0.0,1.0,66.66666666666666,69.90291262135922
27260|수성동일하이빌레이크시티|apartment|84,2026-04,27260,apartment,84,585000000.0,581500000.0,1.0,1.0,30000000.0,5.159071367153913,0.0,1.5,0.5,100.0,79.10750507099391
27260|수성동일하이빌레이크시티|apartment|over_101,2026-01,27260,apartment,over_101,798750000.0,798750000.0,4.0,1.0,28000000.0,3.5054773082942097,0.0,4.0,1.0,57.14285714285714,84.57142857142857
27260|수성동일하이빌레이크시티|apartment|over_101,2026-02,27260,apartment,over_101,735000000.0,766875000.0,3.0,1.0,610000000.0,79.54360228198858,-3.9906103286384997,0.75,1.0,100.0,81.54613466334165
27260|수성동일하이빌레이크시티|apartment|over_101,2026-03,27260,apartment,over_101,735000000.0,750937500.0,0.0,1.0,500000000.0,66.58343736995423,-5.98591549295775,0.0,0.375,100.0,79.6116504854369
27260|수성동일하이빌레이크시티|apartment|over_101,2026-04,27260,apartment,over_101,692000000.0,721468750.0,2.0,2.0,45000000.0,6.237276389310002,-9.675273865414713,0.8571428571428571,0.2857142857142857,71.42857142857143,84.98985801217039
27260|수성동일하이빌레이크시티|apartment|unknown,2026-04,27260,apartment,unknown,0.0,0.0,0.0,3.0,40000000.0,0.0,0.0,0.0,1.0,0.0,20.99391480730223
27260|수성레이크우방아이유쉘|apartment|59,2026-01,27260,apartment,59,0.0,0.0,0.0,5.0,200000000.0,0.0,0.0,0.0,1.0,0.0,17.142857142857142
27260|수성레이크우방아이유쉘|apartment|59,2026-02,27260,apartment,59,0.0,0.0,0.0,5.0,200000000.0,0.0,0.0,0.0,1.0,0.0,10.224438902743142
27260|수성레이크우방아이유쉘|apartment|59,2026-03,27260,apartment,59,0.0,0.0,0.0,1.0,210000000.0,0.0,0.0,0.0,1.0,0.0,8.859223300970873
27260|수성레이크우방아이유쉘|apartment|84,2026-01,27260,apartment,84,0.0,0.0,0.0,11.0,240000000.0,0.0,0.0,0.0,1.0,0.0,17.142857142857142
27260|수성레이크우방아이유쉘|apartment|84,2026-02,27260,apartment,84,0.0,0.0,0.0,12.0,240000000.0,0.0,0.0,0.0,1.0,0.0,10.224438902743142
27260|수성레이크우방아이유쉘|apartment|84,2026-03,27260,apartment,84,0.0,0.0,0.0,14.0,240000000.0,0.0,0.0,0.0,1.0,0.0,8.859223300970873
27260|수성레이크우방아이유쉘|apartment|84,2026-04,27260,apartment,84,0.0,0.0,0.0,14.0,230000000.0,0.0,0.0,0.0,1.0,0.0,20.99391480730223
27260|수성레이크우방아이유쉘|apartment|unknown,2026-04,27260,apartment,unknown,0.0,0.0,0.0,14.0,230000000.0,0.0,0.0,0.0,1.0,0.0,20.99391480730223
27260|수성레이크푸르지오|apartment|84,2026-01,27260,apartment,84,755000000.0,755000000.0,3.0,2.0,260000000.0,34.437086092715234,0.0,3.0,1.0,33.33333333333333,81.0
27260|수성레이크푸르지오|apartment|84,2026-02,27260,apartment,84,835000000.0,795000000.0,3.0,0.0,260000000.0,32.70440251572327,0.0,1.0,1.0,66.66666666666666,83.79052369077307
27260|수성레이크푸르지오|apartment|84,2026-03,27260,apartment,84,785000000.0,790000000.0,3.0,2.0,390000000.0,49.36708860759494,-0.6289308176100628,1.0,1.0,100.0,82.52427184466019
27260|수성레이크푸르지오|apartment|over_101,2026-01,27260,apartment,over_101,985000000.0,985000000.0,1.0,1.0,650000000.0,65.98984771573603,0.0,1.0,1.0,100.0,89.71428571428571
27260|수성롯데캐슬THEFIRST|apartment|101,2026-01,27260,apartment,101,0.0,0.0,0.0,1.0,50000000.0,0.0,0.0,0.0,1.0,0.0,17.142857142857142
27260|수성롯데캐슬THEFIRST|apartment|101,2026-02,27260,apartment,101,860000000.0,860000000.0,1.0,0.0,50000000.0,5.813953488372093,0.0,1.0,1.0,20.0,85.53615960099751
27260|수성롯데캐슬THEFIRST|apartment|101,2026-03,27260,apartment,101,910000000.0,885000000.0,3.0,1.0,470000000.0,53.10734463276836,0.0,6.0,1.0,80.0,86.52912621359224
27260|수성롯데캐슬THEFIRST|apartment|101,2026-04,27260,apartment,101,925000000.0,905000000.0,1.0,0.0,470000000.0,51.93370165745856,0.0,0.75,4.0,100.0,90.77079107505071
27260|수성롯데캐슬THEFIRST|apartment|74,2026-03,27260,apartment,74,718500000.0,718500000.0,2.0,0.0,0.0,0.0,0.0,2.0,1.0,100.0,78.15533980582524
27260|수성롯데캐슬THEFIRST|apartment|74,2026-04,27260,apartment,74,718500000.0,718500000.0,0.0,1.0,340000000.0,47.32080723729993,0.0,0.0,1.0,100.0,84.78701825557809
27260|수성롯데캐슬THEFIRST|apartment|84,2026-01,27260,apartment,84,772500000.0,772500000.0,6.0,2.0,215000000.0,27.831715210355988,0.0,6.0,1.0,35.294117647058826,83.42857142857143
27260|수성롯데캐슬THEFIRST|apartment|84,2026-02,27260,apartment,84,789000000.0,780750000.0,6.0,2.0,394000000.0,50.46429715017611,0.0,1.0,1.0,70.58823529411765,82.54364089775561
27260|수성롯데캐슬THEFIRST|apartment|84,2026-03,27260,apartment,84,765000000.0,772875000.0,5.0,3.0,393000000.0,50.84910237748665,-1.0086455331412059,0.8333333333333334,0.9166666666666666,100.0,80.58252427184466
27260|수성롯데캐슬THEFIRST|apartment|84,2026-04,27260,apartment,84,793500000.0,783187500.0,2.0,3.0,330000000.0,42.13550395020349,0.0,0.3529411764705882,0.5833333333333334,76.47058823529412,86.81541582150102
27260|수성롯데캐슬THEFIRST|apartment|over_101,2026-01,27260,apartment,over_101,0.0,0.0,0.0,1.0,580000000.0,0.0,0.0,0.0,1.0,0.0,17.142857142857142
27260|수성롯데캐슬THEFIRST|apartment|unknown,2026-04,27260,apartment,unknown,0.0,0.0,0.0,4.0,330000000.0,0.0,0.0,0.0,1.0,0.0,20.99391480730223
27260|수성롯데캐슬|apartment|over_101,2026-03,27260,apartment,over_101,741500000.0,741500000.0,2.0,1.0,50000000.0,6.743088334457181,0.0,2.0,1.0,66.66666666666666,78.88349514563106
27260|수성롯데캐슬|apartment|over_101,2026-04,27260,apartment,over_101,720000000.0,730750000.0,1.0,0.0,50000000.0,6.842285323297983,-1.4497639919082927,0.5,1.0,100.0,85.19269776876268
27260|수성맨션|apartment|74,2026-02,27260,apartment,74,150000000.0,150000000.0,1.0,0.0,0.0,0.0,0.0,1.0,1.0,100.0,26.184538653366584
27260|수성못코오롱하늘채|apartment|59,2026-01,27260,apartment,59,285000000.0,285000000.0,1.0,1.0,20000000.0,7.017543859649122,0.0,1.0,1.0,50.0,51.57142857142857
27260|수성못코오롱하늘채|apartment|59,2026-02,27260,apartment,59,285000000.0,285000000.0,0.0,0.0,20000000.0,7.017543859649122,0.0,0.0,1.0,50.0,43.01745635910225
27260|수성못코오롱하늘채|apartment|59,2026-03,27260,apartment,59,290000000.0,287500000.0,1.0,0.0,20000000.0,6.956521739130435,0.0,2.0,0.5,100.0,41.383495145631066
27260|수성못코오롱하늘채|apartment|59,2026-04,27260,apartment,59,290000000.0,288750000.0,0.0,2.0,20000000.0,6.926406926406926,0.0,0.0,1.0,50.0,57.40365111561866
27260|수성못코오롱하늘채|apartment|84,2026-01,27260,apartment,84,375000000.0,375000000.0,4.0,1.0,10000000.0,2.666666666666667,0.0,4.0,1.0,57.14285714285714,60.285714285714285
27260|수성못코오롱하늘채|apartment|84,2026-02,27260,apartment,84,388000000.0,381500000.0,3.0,1.0,230000000.0,60.28833551769331,0.0,0.75,1.0,100.0,55.11221945137157
27260|수성못코오롱하늘채|apartment|84,2026-03,27260,apartment,84,388000000.0,384750000.0,0.0,2.0,104000000.0,27.030539311241064,0.0,0.0,0.375,100.0,54.12621359223301
27260|수성못코오롱하늘채|apartment|84,2026-04,27260,apartment,84,388000000.0,386375000.0,0.0,1.0,230000000.0,59.5276609511485,0.0,0.0,0.0,42.857142857142854,67.54563894523326
27260|수성못코오롱하늘채|apartment|over_101,2026-04,27260,apartment,over_101,500000000.0,500000000.0,1.0,0.0,0.0,0.0,0.0,1.0,1.0,100.0,75.45638945233266
27260|수성못코오롱하늘채|apartment|unknown,2026-04,27260,apartment,unknown,0.0,0.0,0.0,3.0,20000000.0,0.0,0.0,0.0,1.0,0.0,20.99391480730223
27260|수성범물인앤인|apartment|over_101,2026-03,27260,apartment,over_101,0.0,0.0,0.0,1.0,25000000.0,0.0,0.0,0.0,1.0,0.0,8.859223300970873
27260|수성범물인앤인|apartment|over_101,2026-04,27260,apartment,over_101,0.0,0.0,0.0,1.0,340000000.0,0.0,0.0,0.0,1.0,0.0,20.99391480730223
27260|수성범물인앤인|apartment|unknown,2026-04,27260,apartment,unknown,0.0,0.0,0.0,1.0,340000000.0,0.0,0.0,0.0,1.0,0.0,20.99391480730223
27260|수성범어W|apartment|84,2026-01,27260,apartment,84,1600000000.0,1600000000.0,16.0,26.0,520000000.0,32.5,0.0,16.0,1.0,44.44444444444444,98.42857142857143
27260|수성범어W|apartment|84,2026-02,27260,apartment,84,1590000000.0,1595000000.0,8.0,23.0,577000000.0,36.175548589341695,-0.31250000000000444,0.5,1.0,66.66666666666666,97.75561097256858
27260|수성범어W|apartment|84,2026-03,27260,apartment,84,1475000000.0,1535000000.0,12.0,25.0,525000000.0,34.20195439739413,-4.062500000000002,1.0,0.625,100.0,97.81553398058253
27260|수성범어W|apartment|84,2026-04,27260,apartment,84,1670000000.0,1602500000.0,7.0,15.0,520000000.0,32.44929797191888,0.0,0.5833333333333334,0.7916666666666666,75.0,98.37728194726166
27260|수성범어W|apartment|over_101,2026-01,27260,apartment,over_101,2270000000.0,2270000000.0,3.0,1.0,100000000.0,4.405286343612335,0.0,3.0,1.0,75.0,100.0
27260|수성범어W|apartment|over_101,2026-02,27260,apartment,over_101,2400000000.0,2335000000.0,1.0,1.0,250000000.0,10.706638115631693,0.0,0.3333333333333333,1.0,100.0,100.0
27260|수성범어W|apartment|over_101,2026-03,27260,apartment,over_101,2400000000.0,2367500000.0,0.0,1.0,840000000.0,35.480464625131994,0.0,0.0,0.16666666666666666,100.0,100.0
27260|수성범어W|apartment|over_101,2026-04,27260,apartment,over_101,2400000000.0,2383750000.0,0.0,1.0,300000000.0,12.585212375458834,0.0,0.0,0.0,25.0,100.0
27260|수성범어W|apartment|unknown,2026-04,27260,apartment,unknown,0.0,0.0,0.0,16.0,470000000.0,0.0,0.0,0.0,1.0,0.0,20.99391480730223
27260|수성보성|apartment|59,2026-01,27260,apartment,59,299500000.0,299500000.0,2.0,1.0,200000000.0,66.7779632721202,0.0,2.0,1.0,20.0,53.57142857142857
27260|수성보성|apartment|59,2026-02,27260,apartment,59,319000000.0,309250000.0,1.0,5.0,170000000.0,54.9717057396928,0.0,0.5,1.0,30.0,48.37905236907731
27260|수성보성|apartment|59,2026-03,27260,apartment,59,290000000.0,299625000.0,5.0,5.0,50000000.0,16.68752607425949,-3.112368633791429,3.3333333333333335,1.5,80.0,43.932038834951456
27260|수성보성|apartment|59,2026-04,27260,apartment,59,199500000.0,249562500.0,4.0,2.0,175000000.0,70.12271475081391,-19.30072756669361,1.5,3.0,100.0,53.9553752535497
27260|수성보성|apartment|84,2026-01,27260,apartment,84,426000000.0,426000000.0,4.0,1.0,20000000.0,4.694835680751173,0.0,4.0,1.0,66.66666666666666,66.0
27260|수성보성|apartment|84,2026-02,27260,apartment,84,430000000.0,428000000.0,1.0,1.0,20000000.0,4.672897196261682,0.0,0.25,1.0,83.33333333333334,60.84788029925187
27260|수성보성|apartment|84,2026-03,27260,apartment,84,420000000.0,424000000.0,1.0,2.0,141250000.0,33.31367924528302,-0.9345794392523366,0.4,0.25,100.0,58.009708737864074
27260|수성보성|apartment|84,2026-04,27260,apartment,84,424000000.0,424000000.0,2.0,1.0,20000000.0,4.716981132075472,-0.9345794392523366,1.0,0.6,66.66666666666666,70.58823529411765
27260|수성보성|apartment|unknown,2026-04,27260,apartment,unknown,0.0,0.0,0.0,3.0,170000000.0,0.0,0.0,0.0,1.0,0.0,20.99391480730223
27260|수성뷰웰리버파크|apartment|74,2026-01,27260,apartment,74,479000000.0,479000000.0,1.0,0.0,0.0,0.0,0.0,1.0,1.0,100.0,69.71428571428572
27260|수성뷰웰리버파크|apartment|74,2026-02,27260,apartment,74,479000000.0,479000000.0,0.0,0.0,0.0,0.0,0.0,0.0,1.0,100.0,65.33665835411472
27260|수성뷰웰리버파크|apartment|74,2026-03,27260,apartment,74,479000000.0,479000000.0,0.0,0.0,0.0,0.0,0.0,0.0,0.0,100.0,63.3495145631068
27260|수성뷰웰리버파크|apartment|74,2026-04,27260,apartment,74,479000000.0,479000000.0,0.0,1.0,330000000.0,68.89352818371609,0.0,0.0,0.0,0.0,74.0365111561866
27260|수성뷰웰리버파크|apartment|84,2026-03,27260,apartment,84,0.0,0.0,0.0,3.0,50000000.0,0.0,0.0,0.0,1.0,0.0,8.859223300970873
27260|수성뷰웰리버파크|apartment|84,2026-04,27260,apartment,84,0.0,0.0,0.0,2.0,294000000.0,0.0,0.0,0.0,1.0,0.0,20.99391480730223
27260|수성뷰웰리버파크|apartment|unknown,2026-04,27260,apartment,unknown,0.0,0.0,0.0,3.0,294000000.0,0.0,0.0,0.0,1.0,0.0,20.99391480730223
27260|수성서한이다음|apartment|84,2026-02,27260,apartment,84,370000000.0,370000000.0,1.0,0.0,0.0,0.0,0.0,1.0,1.0,50.0,53.49127182044888
27260|수성서한이다음|apartment|84,2026-03,27260,apartment,84,370000000.0,370000000.0,0.0,0.0,0.0,0.0,0.0,0.0,1.0,50.0,52.30582524271845
27260|수성서한이다음|apartment|84,2026-04,27260,apartment,84,380000000.0,375000000.0,1.0,0.0,0.0,0.0,0.0,2.0,0.5,100.0,66.32860040567951
27260|수성서한이다음|apartment|over_101,2026-04,27260,apartment,over_101,450000000.0,450000000.0,1.0,0.0,0.0,0.0,0.0,1.0,1.0,100.0,72.21095334685599
27260|수성센스빌|apartment|84,2026-03,27260,apartment,84,0.0,0.0,0.0,1.0,195000000.0,0.0,0.0,0.0,1.0,0.0,8.859223300970873
27260|수성센트럴화성파크드림|apartment|84,2026-01,27260,apartment,84,570000000.0,570000000.0,1.0,1.0,30000000.0,5.263157894736842,0.0,1.0,1.0,100.0,74.14285714285714
27260|수성센트럴화성파크드림|apartment|84,2026-02,27260,apartment,84,570000000.0,570000000.0,0.0,0.0,30000000.0,5.263157894736842,0.0,0.0,1.0,100.0,71.82044887780549
27260|수성센트럴화성파크드림|apartment|84,2026-03,27260,apartment,84,570000000.0,570000000.0,0.0,0.0,30000000.0,5.263157894736842,0.0,0.0,0.0,100.0,69.41747572815534
27260|수성센트럴화성파크드림|apartment|84,2026-04,27260,apartment,84,570000000.0,570000000.0,0.0,1.0,30000000.0,5.263157894736842,0.0,0.0,0.0,0.0,78.29614604462475
27260|수성센트럴화성파크드림|apartment|unknown,2026-04,27260,apartment,unknown,0.0,0.0,0.0,1.0,30000000.0,0.0,0.0,0.0,1.0,0.0,20.99391480730223
27260|수성아이파크|apartment|59,2026-01,27260,apartment,59,0.0,0.0,0.0,1.0,200000000.0,0.0,0.0,0.0,1.0,0.0,17.142857142857142
27260|수성아이파크|apartment|59,2026-02,27260,apartment,59,0.0,0.0,0.0,0.0,200000000.0,0.0,0.0,0.0,1.0,0.0,10.224438902743142
27260|수성아이파크|apartment|59,2026-03,27260,apartment,59,0.0,0.0,0.0,0.0,200000000.0,0.0,0.0,0.0,1.0,0.0,8.859223300970873
27260|수성아이파크|apartment|59,2026-04,27260,apartment,59,0.0,0.0,0.0,2.0,110000000.0,0.0,0.0,0.0,1.0,0.0,20.99391480730223
27260|수성아이파크|apartment|74,2026-02,27260,apartment,74,280000000.0,280000000.0,1.0,0.0,0.0,0.0,0.0,1.0,1.0,50.0,42.269326683291766
27260|수성아이파크|apartment|74,2026-03,27260,apartment,74,295000000.0,287500000.0,1.0,1.0,110000000.0,38.26086956521739,0.0,1.0,1.0,100.0,41.383495145631066
27260|수성아이파크|apartment|74,2026-04,27260,apartment,74,295000000.0,291250000.0,0.0,2.0,115000000.0,39.48497854077253,0.0,0.0,0.5,100.0,58.012170385395535
27260|수성아이파크|apartment|unknown,2026-04,27260,apartment,unknown,0.0,0.0,0.0,4.0,110000000.0,0.0,0.0,0.0,1.0,0.0,20.99391480730223
27260|수성아크로타워|apartment|over_101,2026-01,27260,apartment,over_101,1470000000.0,1470000000.0,3.0,0.0,0.0,0.0,0.0,3.0,1.0,75.0,97.71428571428571
27260|수성아크로타워|apartment|over_101,2026-02,27260,apartment,over_101,1400000000.0,1435000000.0,1.0,2.0,550000000.0,38.32752613240418,-2.3809523809523836,0.3333333333333333,1.0,100.0,97.0074812967581
27260|수성알파시티동화아이위시|apartment|59,2026-01,27260,apartment,59,610000000.0,610000000.0,2.0,1.0,310000000.0,50.81967213114754,0.0,2.0,1.0,66.66666666666666,76.28571428571429
27260|수성알파시티동화아이위시|apartment|59,2026-02,27260,apartment,59,620000000.0,615000000.0,1.0,3.0,150000000.0,24.390243902439025,0.0,0.5,1.0,100.0,74.68827930174564
27260|수성알파시티동화아이위시|apartment|59,2026-03,27260,apartment,59,620000000.0,617500000.0,0.0,1.0,320000000.0,51.821862348178136,0.0,0.0,0.25,100.0,74.02912621359224
27260|수성알파시티동화아이위시|apartment|59,2026-04,27260,apartment,59,620000000.0,618750000.0,0.0,1.0,290000000.0,46.86868686868687,0.0,0.0,0.0,33.33333333333333,81.33874239350912
27260|수성알파시티동화아이위시|apartment|84,2026-01,27260,apartment,84,689000000.0,689000000.0,1.0,0.0,0.0,0.0,0.0,1.0,1.0,14.285714285714285,79.14285714285715
27260|수성알파시티동화아이위시|apartment|84,2026-02,27260,apartment,84,770000000.0,729500000.0,2.0,5.0,367000000.0,50.308430431802606,0.0,2.0,1.0,42.857142857142854,79.30174563591022
27260|수성알파시티동화아이위시|apartment|84,2026-03,27260,apartment,84,770000000.0,749750000.0,4.0,0.0,367000000.0,48.949649883294434,0.0,2.6666666666666665,3.0,100.0,79.36893203883496
27260|수성알파시티동화아이위시|apartment|84,2026-04,27260,apartment,84,820000000.0,784875000.0,1.0,2.0,401250000.0,51.122790253225034,0.0,0.42857142857142855,1.6666666666666667,100.0,87.0182555780933
27260|수성알파시티동화아이위시|apartment|unknown,2026-04,27260,apartment,unknown,0.0,0.0,0.0,3.0,367500000.0,0.0,0.0,0.0,1.0,0.0,20.99391480730223
27260|수성알파시티청아람|apartment|59,2026-01,27260,apartment,59,441000000.0,441000000.0,4.0,3.0,47460000.0,10.761904761904761,0.0,4.0,1.0,80.0,67.71428571428572
27260|수성알파시티청아람|apartment|59,2026-02,27260,apartment,59,441000000.0,441000000.0,0.0,2.0,250000000.0,56.68934240362812,0.0,0.0,1.0,80.0,62.34413965087282
27260|수성알파시티청아람|apartment|59,2026-03,27260,apartment,59,500000000.0,470500000.0,1.0,2.0,145000000.0,30.818278427205104,0.0,0.5,0.125,100.0,62.62135922330098
27260|수성알파시티청아람|apartment|59,2026-04,27260,apartment,59,486000000.0,478250000.0,1.0,0.0,145000000.0,30.318870883429167,0.0,0.6,0.5,40.0,73.83367139959432
27260|수성알파시티청아람|apartment|84,2026-01,27260,apartment,84,655000000.0,655000000.0,1.0,5.0,30000000.0,4.580152671755725,0.0,1.0,1.0,20.0,77.85714285714286
27260|수성알파시티청아람|apartment|84,2026-02,27260,apartment,84,655000000.0,655000000.0,0.0,0.0,30000000.0,4.580152671755725,0.0,0.0,1.0,20.0,77.3067331670823
27260|수성알파시티청아람|apartment|84,2026-03,27260,apartment,84,631000000.0,643000000.0,4.0,0.0,30000000.0,4.665629860031104,-1.8320610687022953,8.0,2.0,100.0,75.24271844660194
27260|수성알파시티청아람|apartment|84,2026-04,27260,apartment,84,631000000.0,637000000.0,0.0,1.0,370000000.0,58.08477237048666,-2.7480916030534375,0.0,4.0,80.0,82.1501014198783
27260|수성알파시티청아람|apartment|under_40,2026-02,27260,apartment,under_40,0.0,0.0,0.0,2.0,63920000.0,0.0,0.0,0.0,1.0,0.0,10.224438902743142
27260|수성알파시티청아람|apartment|under_40,2026-03,27260,apartment,under_40,0.0,0.0,0.0,2.0,68210000.0,0.0,0.0,0.0,1.0,0.0,8.859223300970873
27260|수성알파시티청아람|apartment|unknown,2026-04,27260,apartment,unknown,0.0,0.0,0.0,1.0,370000000.0,0.0,0.0,0.0,1.0,0.0,20.99391480730223
27260|수성영남|apartment|84,2026-01,27260,apartment,84,0.0,0.0,0.0,1.0,20000000.0,0.0,0.0,0.0,1.0,0.0,17.142857142857142
27260|수성영남|apartment|84,2026-02,27260,apartment,84,320000000.0,320000000.0,1.0,0.0,20000000.0,6.25,0.0,1.0,1.0,50.0,49.750623441396506
27260|수성영남|apartment|84,2026-03,27260,apartment,84,320000000.0,320000000.0,0.0,0.0,20000000.0,6.25,0.0,0.0,1.0,50.0,46.72330097087379
27260|수성영남|apartment|84,2026-04,27260,apartment,84,324000000.0,322000000.0,1.0,0.0,20000000.0,6.211180124223603,0.0,3.0,1.0,100.0,60.85192697768763
27260|수성영남|apartment|under_40,2026-01,27260,apartment,under_40,115000000.0,115000000.0,2.0,1.0,5000000.0,4.3478260869565215,0.0,2.0,1.0,66.66666666666666,36.0
27260|수성영남|apartment|under_40,2026-02,27260,apartment,under_40,130000000.0,122500000.0,1.0,1.0,5000000.0,4.081632653061225,0.0,0.5,1.0,100.0,22.194513715710723
27260|수성영남|apartment|under_40,2026-03,27260,apartment,under_40,130000000.0,126250000.0,0.0,3.0,5000000.0,3.9603960396039604,0.0,0.0,0.25,100.0,19.66019417475728
27260|수성영남|apartment|under_40,2026-04,27260,apartment,under_40,118000000.0,122125000.0,1.0,0.0,5000000.0,4.094165813715456,-3.2673267326732702,1.0,0.3333333333333333,66.66666666666666,43.00202839756592
27260|수성우방팔레스|apartment|59,2026-02,27260,apartment,59,307000000.0,307000000.0,1.0,0.0,0.0,0.0,0.0,1.0,1.0,100.0,47.63092269326683
27260|수성우방팔레스|apartment|59,2026-03,27260,apartment,59,307000000.0,307000000.0,0.0,0.0,0.0,0.0,0.0,0.0,1.0,100.0,44.66019417475729
27260|수성우방팔레스|apartment|59,2026-04,27260,apartment,59,307000000.0,307000000.0,0.0,1.0,20000000.0,6.514657980456026,0.0,0.0,0.0,100.0,59.63488843813387
27260|수성우방팔레스|apartment|84,2026-01,27260,apartment,84,0.0,0.0,0.0,2.0,120000000.0,0.0,0.0,0.0,1.0,0.0,17.142857142857142
27260|수성우방팔레스|apartment|84,2026-02,27260,apartment,84,0.0,0.0,0.0,0.0,120000000.0,0.0,0.0,0.0,1.0,0.0,10.224438902743142
27260|수성우방팔레스|apartment|84,2026-03,27260,apartment,84,493000000.0,493000000.0,1.0,0.0,120000000.0,24.34077079107505,0.0,1.0,1.0,100.0,64.07766990291263
27260|수성우방팔레스|apartment|under_40,2026-01,27260,apartment,under_40,148000000.0,148000000.0,1.0,0.0,0.0,0.0,0.0,1.0,1.0,100.0,38.285714285714285
27260|수성우방팔레스|apartment|under_40,2026-02,27260,apartment,under_40,148000000.0,148000000.0,0.0,2.0,57500000.0,38.85135135135135,0.0,0.0,1.0,100.0,25.81047381546135
27260|수성우방팔레스|apartment|under_40,2026-03,27260,apartment,under_40,148000000.0,148000000.0,0.0,0.0,57500000.0,38.85135135135135,0.0,0.0,0.0,100.0,22.572815533980584
27260|수성우방팔레스|apartment|under_40,2026-04,27260,apartment,under_40,148000000.0,148000000.0,0.0,1.0,5000000.0,3.3783783783783785,0.0,0.0,0.0,0.0,44.827586206896555
27260|수성우방팔레스|apartment|unknown,2026-04,27260,apartment,unknown,0.0,0.0,0.0,2.0,12500000.0,0.0,0.0,0.0,1.0,0.0,20.99391480730223
27260|수성월드메르디앙|apartment|84,2026-01,27260,apartment,84,425000000.0,425000000.0,3.0,0.0,0.0,0.0,0.0,3.0,1.0,37.5,65.71428571428571
27260|수성월드메르디앙|apartment|84,2026-02,27260,apartment,84,435000000.0,430000000.0,1.0,0.0,0.0,0.0,0.0,0.3333333333333333,1.0,50.0,61.59600997506235
27260|수성월드메르디앙|apartment|84,2026-03,27260,apartment,84,419500000.0,424750000.0,4.0,3.0,220000000.0,51.795173631547975,-1.2209302325581373,2.0,0.8333333333333334,100.0,58.252427184466015
27260|수성월드메르디앙|apartment|84,2026-04,27260,apartment,84,419500000.0,422125000.0,0.0,2.0,155000000.0,36.71898134438851,-1.831395348837206,0.0,1.0,62.5,70.38539553752535
27260|수성월드메르디앙|apartment|over_101,2026-03,27260,apartment,over_101,530000000.0,530000000.0,1.0,0.0,0.0,0.0,0.0,1.0,1.0,100.0,66.62621359223301
27260|수성월드메르디앙|apartment|unknown,2026-04,27260,apartment,unknown,0.0,0.0,0.0,2.0,155000000.0,0.0,0.0,0.0,1.0,0.0,20.99391480730223
27260|수성자이르네|apartment|59,2026-02,27260,apartment,59,517500000.0,517500000.0,1.0,1.0,45000000.0,8.695652173913043,0.0,1.0,1.0,100.0,68.3291770573566
27260|수성자이르네|apartment|59,2026-03,27260,apartment,59,517500000.0,517500000.0,0.0,1.0,300000000.0,57.971014492753625,0.0,0.0,1.0,100.0,65.53398058252428
27260|수성코오롱하늘채|apartment|over_101,2026-01,27260,apartment,over_101,1095000000.0,1095000000.0,1.0,0.0,0.0,0.0,0.0,1.0,1.0,16.666666666666664,93.71428571428572
27260|수성코오롱하늘채|apartment|over_101,2026-02,27260,apartment,over_101,1170000000.0,1132500000.0,1.0,1.0,800000000.0,70.6401766004415,0.0,1.0,1.0,33.33333333333333,93.76558603491272
27260|수성코오롱하늘채|apartment|over_101,2026-03,27260,apartment,over_101,1182500000.0,1157500000.0,4.0,1.0,50000000.0,4.319654427645788,0.0,4.0,2.5,100.0,93.93203883495146
27260|수성코오롱하늘채|apartment|over_101,2026-04,27260,apartment,over_101,1182500000.0,1170000000.0,0.0,1.0,650000000.0,55.55555555555556,0.0,0.0,2.0,83.33333333333334,95.74036511156187
27260|수성코오롱하늘채|apartment|unknown,2026-04,27260,apartment,unknown,0.0,0.0,0.0,1.0,650000000.0,0.0,0.0,0.0,1.0,0.0,20.99391480730223
27260|수성태영데시앙|apartment|84,2026-02,27260,apartment,84,675000000.0,675000000.0,1.0,1.0,380000000.0,56.2962962962963,0.0,1.0,1.0,100.0,78.30423940149626
27260|수성태영데시앙|apartment|84,2026-03,27260,apartment,84,675000000.0,675000000.0,0.0,1.0,350000000.0,51.85185185185185,0.0,0.0,1.0,100.0,77.18446601941747
27260|수성태영데시앙|apartment|over_101,2026-01,27260,apartment,over_101,760000000.0,760000000.0,1.0,0.0,0.0,0.0,0.0,1.0,1.0,20.0,82.28571428571428
27260|수성태영데시앙|apartment|over_101,2026-02,27260,apartment,over_101,805000000.0,782500000.0,1.0,0.0,0.0,0.0,0.0,1.0,1.0,40.0,82.7930174563591
27260|수성태영데시앙|apartment|over_101,2026-03,27260,apartment,over_101,790000000.0,786250000.0,1.0,1.0,550000000.0,69.9523052464229,0.0,1.0,1.0,60.0,81.79611650485437
27260|수성태영데시앙|apartment|over_101,2026-04,27260,apartment,over_101,900000000.0,843125000.0,3.0,1.0,100000000.0,11.860637509266123,0.0,3.0,2.0,100.0,89.24949290060852
27260|수성태영데시앙|apartment|unknown,2026-04,27260,apartment,unknown,0.0,0.0,0.0,1.0,100000000.0,0.0,0.0,0.0,1.0,0.0,20.99391480730223
27260|수성태왕아너스|apartment|84,2026-02,27260,apartment,84,342000000.0,342000000.0,1.0,0.0,0.0,0.0,0.0,1.0,1.0,50.0,51.12219451371571
27260|수성태왕아너스|apartment|84,2026-03,27260,apartment,84,342000000.0,342000000.0,0.0,0.0,0.0,0.0,0.0,0.0,1.0,50.0,49.51456310679612
27260|수성태왕아너스|apartment|84,2026-04,27260,apartment,84,360000000.0,351000000.0,1.0,0.0,0.0,0.0,0.0,2.0,0.5,100.0,64.50304259634888
27260|수성푸르지오리버센트|apartment|84,2026-01,27260,apartment,84,770000000.0,770000000.0,3.0,0.0,0.0,0.0,0.0,3.0,1.0,33.33333333333333,83.0
27260|수성푸르지오리버센트|apartment|84,2026-02,27260,apartment,84,817500000.0,793750000.0,2.0,3.0,40000000.0,5.039370078740157,0.0,0.6666666666666666,1.0,55.55555555555556,83.54114713216958
27260|수성푸르지오리버센트|apartment|84,2026-03,27260,apartment,84,762500000.0,778125000.0,4.0,3.0,283500000.0,36.43373493975904,-1.9685039370078705,1.6,1.0,100.0,81.06796116504854
27260|수성푸르지오리버센트|apartment|84,2026-04,27260,apartment,84,800000000.0,789062500.0,1.0,6.0,179500000.0,22.74851485148515,-0.5905511811023612,0.3333333333333333,1.0,77.77777777777779,87.2210953346856
27260|수성푸르지오리버센트|apartment|over_101,2026-01,27260,apartment,over_101,800000000.0,800000000.0,1.0,0.0,0.0,0.0,0.0,1.0,1.0,100.0,85.0
27260|수성푸르지오리버센트|apartment|over_101,2026-02,27260,apartment,over_101,800000000.0,800000000.0,0.0,1.0,50000000.0,6.25,0.0,0.0,1.0,100.0,84.03990024937656
27260|수성푸르지오리버센트|apartment|over_101,2026-03,27260,apartment,over_101,800000000.0,800000000.0,0.0,1.0,100000000.0,12.5,0.0,0.0,0.0,100.0,83.37378640776699
27260|수성푸르지오리버센트|apartment|over_101,2026-04,27260,apartment,over_101,985000000.0,892500000.0,1.0,1.0,546000000.0,61.1764705882353,0.0,3.0,1.0,100.0,90.46653144016227
27260|수성푸르지오리버센트|apartment|unknown,2026-04,27260,apartment,unknown,0.0,0.0,0.0,7.0,309000000.0,0.0,0.0,0.0,1.0,0.0,20.99391480730223
27260|수성풀비체|apartment|84,2026-01,27260,apartment,84,0.0,0.0,0.0,1.0,275000000.0,0.0,0.0,0.0,1.0,0.0,17.142857142857142
27260|수성하늘채르레브|apartment|74,2026-01,27260,apartment,74,470000000.0,470000000.0,3.0,3.0,20000000.0,4.25531914893617,0.0,3.0,1.0,60.0,69.0
27260|수성하늘채르레브|apartment|74,2026-02,27260,apartment,74,470000000.0,470000000.0,0.0,1.0,20000000.0,4.25531914893617,0.0,0.0,1.0,60.0,64.83790523690773
27260|수성하늘채르레브|apartment|74,2026-03,27260,apartment,74,466500000.0,468250000.0,2.0,2.0,296500000.0,63.32087560064068,-0.37234042553191404,1.3333333333333333,0.3333333333333333,100.0,62.37864077669902
27260|수성하늘채르레브|apartment|74,2026-04,27260,apartment,74,471000000.0,469625000.0,2.0,4.0,70000000.0,14.905509715198296,-0.07978723404254984,1.2,1.3333333333333333,80.0,73.22515212981745
27260|수성하늘채르레브|apartment|84,2026-01,27260,apartment,84,486500000.0,486500000.0,2.0,2.0,190000000.0,39.05447070914697,0.0,2.0,1.0,28.57142857142857,70.28571428571428
27260|수성하늘채르레브|apartment|84,2026-02,27260,apartment,84,530000000.0,508250000.0,1.0,1.0,380000000.0,74.76635514018692,0.0,0.5,1.0,42.857142857142854,67.08229426433915
27260|수성하늘채르레브|apartment|84,2026-03,27260,apartment,84,513500000.0,510875000.0,4.0,0.0,380000000.0,74.38218742353804,0.0,2.6666666666666665,1.25,100.0,64.80582524271846
27260|수성하늘채르레브|apartment|84,2026-04,27260,apartment,84,513500000.0,512187500.0,0.0,4.0,345000000.0,67.3581452104942,0.0,0.0,1.3333333333333333,71.42857142857143,75.86206896551724
27260|수성하늘채르레브|apartment|unknown,2026-04,27260,apartment,unknown,0.0,0.0,0.0,8.0,301750000.0,0.0,0.0,0.0,1.0,0.0,20.99391480730223
27260|수성하이츠|apartment|over_101,2026-01,27260,apartment,over_101,757000000.0,757000000.0,1.0,0.0,0.0,0.0,0.0,1.0,1.0,100.0,81.42857142857143
27260|수성하이츠|apartment|over_101,2026-02,27260,apartment,over_101,757000000.0,757000000.0,0.0,0.0,0.0,0.0,0.0,0.0,1.0,100.0,80.0498753117207
27260|수성하이츠|apartment|over_101,2026-03,27260,apartment,over_101,757000000.0,757000000.0,0.0,2.0,235000000.0,31.04359313077939,0.0,0.0,0.0,100.0,80.09708737864078
27260|수성하이츠|apartment|under_40,2026-02,27260,apartment,under_40,0.0,0.0,0.0,2.0,6500000.0,0.0,0.0,0.0,1.0,0.0,10.224438902743142
27260|수성하이츠|apartment|under_40,2026-03,27260,apartment,under_40,0.0,0.0,0.0,2.0,4000000.0,0.0,0.0,0.0,1.0,0.0,8.859223300970873
27260|수성해모로하이엔|apartment|59,2026-02,27260,apartment,59,0.0,0.0,0.0,3.0,178500000.0,0.0,0.0,0.0,1.0,0.0,10.224438902743142
27260|수성해모로하이엔|apartment|59,2026-03,27260,apartment,59,337000000.0,337000000.0,2.0,5.0,20000000.0,5.934718100890208,0.0,2.0,1.0,50.0,48.30097087378641
27260|수성해모로하이엔|apartment|59,2026-04,27260,apartment,59,332000000.0,334500000.0,2.0,2.0,94000000.0,28.101644245142005,-0.7418397626112738,2.0,1.0,100.0,62.67748478701826
27260|수성해모로하이엔|apartment|74,2026-02,27260,apartment,74,0.0,0.0,0.0,1.0,185000000.0,0.0,0.0,0.0,1.0,0.0,10.224438902743142
27260|수성해모로하이엔|apartment|74,2026-03,27260,apartment,74,0.0,0.0,0.0,0.0,185000000.0,0.0,0.0,0.0,1.0,0.0,8.859223300970873
27260|수성해모로하이엔|apartment|74,2026-04,27260,apartment,74,0.0,0.0,0.0,2.0,135000000.0,0.0,0.0,0.0,1.0,0.0,20.99391480730223
27260|수성해모로하이엔|apartment|84,2026-02,27260,apartment,84,452000000.0,452000000.0,1.0,1.0,230000000.0,50.88495575221239,0.0,1.0,1.0,100.0,62.84289276807981
27260|수성해모로하이엔|apartment|84,2026-03,27260,apartment,84,452000000.0,452000000.0,0.0,2.0,20000000.0,4.424778761061947,0.0,0.0,1.0,100.0,61.04368932038835
27260|수성해모로하이엔|apartment|84,2026-04,27260,apartment,84,452000000.0,452000000.0,0.0,4.0,20000000.0,4.424778761061947,0.0,0.0,0.0,100.0,72.41379310344827
27260|수성해모로하이엔|apartment|unknown,2026-04,27260,apartment,unknown,0.0,0.0,0.0,8.0,20000000.0,0.0,0.0,0.0,1.0,0.0,20.99391480730223
27260|수성화성파크드림|apartment|84,2026-01,27260,apartment,84,430000000.0,430000000.0,1.0,0.0,0.0,0.0,0.0,1.0,1.0,33.33333333333333,66.71428571428571
27260|수성화성파크드림|apartment|84,2026-02,27260,apartment,84,430000000.0,430000000.0,0.0,0.0,0.0,0.0,0.0,0.0,1.0,33.33333333333333,61.59600997506235
27260|수성화성파크드림|apartment|84,2026-03,27260,apartment,84,387500000.0,408750000.0,2.0,1.0,20000000.0,4.892966360856269,-4.941860465116276,4.0,1.0,100.0,57.03883495145631
27260|수성화성파크드림|apartment|over_101,2026-01,27260,apartment,over_101,0.0,0.0,0.0,1.0,350000000.0,0.0,0.0,0.0,1.0,0.0,17.142857142857142
27260|수성화성파크드림|apartment|over_101,2026-02,27260,apartment,over_101,475000000.0,475000000.0,2.0,0.0,350000000.0,73.68421052631578,0.0,2.0,1.0,66.66666666666666,65.08728179551122
27260|수성화성파크드림|apartment|over_101,2026-03,27260,apartment,over_101,500000000.0,487500000.0,1.0,1.0,310000000.0,63.589743589743584,0.0,1.0,1.0,100.0,63.713592233009706
27260|수성화성파크드림|apartment|over_101,2026-04,27260,apartment,over_101,500000000.0,493750000.0,0.0,1.0,30000000.0,6.075949367088607,0.0,0.0,0.5,100.0,75.25354969574036
27260|수성화성파크드림|apartment|unknown,2026-04,27260,apartment,unknown,0.0,0.0,0.0,1.0,30000000.0,0.0,0.0,0.0,1.0,0.0,20.99391480730223
27260|수성효성해링턴플레이스|apartment|84,2026-01,27260,apartment,84,600000000.0,600000000.0,5.0,5.0,340000000.0,56.666666666666664,0.0,5.0,1.0,33.33333333333333,75.71428571428571
27260|수성효성해링턴플레이스|apartment|84,2026-02,27260,apartment,84,611000000.0,605500000.0,7.0,8.0,325000000.0,53.67464905037159,0.0,1.4,1.0,80.0,74.3142144638404
27260|수성효성해링턴플레이스|apartment|84,2026-03,27260,apartment,84,610000000.0,607750000.0,3.0,7.0,350000000.0,57.589469354175236,0.0,0.5,1.0,100.0,73.05825242718447
27260|수성효성해링턴플레이스|apartment|84,2026-04,27260,apartment,84,627000000.0,617375000.0,3.0,5.0,350000000.0,56.69163798339745,0.0,0.6,0.5,86.66666666666667,81.13590263691684
27260|수성효성해링턴플레이스|apartment|over_101,2026-02,27260,apartment,over_101,790000000.0,790000000.0,1.0,1.0,100000000.0,12.658227848101266,0.0,1.0,1.0,100.0,83.29177057356608
27260|수성효성해링턴플레이스|apartment|over_101,2026-03,27260,apartment,over_101,790000000.0,790000000.0,0.0,1.0,500000000.0,63.29113924050633,0.0,0.0,1.0,100.0,82.52427184466019
27260|수성효성해링턴플레이스|apartment|over_101,2026-04,27260,apartment,over_101,790000000.0,790000000.0,0.0,1.0,500000000.0,63.29113924050633,0.0,0.0,0.0,100.0,87.4239350912779
27260|수성효성해링턴플레이스|apartment|unknown,2026-04,27260,apartment,unknown,0.0,0.0,0.0,6.0,350000000.0,0.0,0.0,0.0,1.0,0.0,20.99391480730223
27260|시지3차서한이다음|apartment|101,2026-01,27260,apartment,101,470000000.0,470000000.0,1.0,0.0,0.0,0.0,0.0,1.0,1.0,100.0,69.0
27260|시지3차서한이다음|apartment|84,2026-01,27260,apartment,84,416500000.0,416500000.0,4.0,2.0,20000000.0,4.8019207683073235,0.0,4.0,1.0,57.14285714285714,64.85714285714286
27260|시지3차서한이다음|apartment|84,2026-02,27260,apartment,84,397500000.0,407000000.0,2.0,0.0,20000000.0,4.914004914004914,-2.280912364945975,0.5,1.0,85.71428571428571,58.35411471321695
27260|시지3차서한이다음|apartment|84,2026-03,27260,apartment,84,417000000.0,412000000.0,1.0,3.0,300000000.0,72.81553398058253,-1.0804321728691502,0.3333333333333333,0.375,100.0,57.52427184466019
27260|시지3차서한이다음|apartment|84,2026-04,27260,apartment,84,417000000.0,414500000.0,0.0,3.0,310000000.0,74.78890229191796,-0.4801920768307322,0.0,0.16666666666666666,42.857142857142854,69.77687626774848
27260|시지3차서한이다음|apartment|unknown,2026-04,27260,apartment,unknown,0.0,0.0,0.0,3.0,310000000.0,0.0,0.0,0.0,1.0,0.0,20.99391480730223
27260|시지3태왕하이츠|apartment|74,2026-01,27260,apartment,74,0.0,0.0,0.0,2.0,200000000.0,0.0,0.0,0.0,1.0,0.0,17.142857142857142
27260|시지3태왕하이츠|apartment|84,2026-03,27260,apartment,84,0.0,0.0,0.0,1.0,220000000.0,0.0,0.0,0.0,1.0,0.0,8.859223300970873
27260|시지3태왕하이츠|apartment|84,2026-04,27260,apartment,84,325000000.0,325000000.0,2.0,0.0,220000000.0,67.6923076923077,0.0,2.0,1.0,100.0,61.4604462474645
27260|시지5태왕하이츠|apartment|84,2026-01,27260,apartment,84,0.0,0.0,0.0,2.0,250000000.0,0.0,0.0,0.0,1.0,0.0,17.142857142857142
27260|시지5태왕하이츠|apartment|84,2026-02,27260,apartment,84,0.0,0.0,0.0,0.0,250000000.0,0.0,0.0,0.0,1.0,0.0,10.224438902743142
27260|시지5태왕하이츠|apartment|84,2026-03,27260,apartment,84,0.0,0.0,0.0,0.0,250000000.0,0.0,0.0,0.0,1.0,0.0,8.859223300970873
27260|시지5태왕하이츠|apartment|84,2026-04,27260,apartment,84,330000000.0,330000000.0,1.0,0.0,250000000.0,75.75757575757575,0.0,1.0,1.0,100.0,62.06896551724138
27260|시지5태왕하이츠|apartment|over_101,2026-01,27260,apartment,over_101,380000000.0,380000000.0,1.0,0.0,0.0,0.0,0.0,1.0,1.0,100.0,61.285714285714285
27260|시지5태왕하이츠|apartment|over_101,2026-02,27260,apartment,over_101,380000000.0,380000000.0,0.0,0.0,0.0,0.0,0.0,0.0,1.0,100.0,54.613466334164585
27260|시지5태왕하이츠|apartment|over_101,2026-03,27260,apartment,over_101,380000000.0,380000000.0,0.0,0.0,0.0,0.0,0.0,0.0,0.0,100.0,53.03398058252428
27260|시지5태왕하이츠|apartment|over_101,2026-04,27260,apartment,over_101,380000000.0,380000000.0,1.0,0.0,0.0,0.0,0.0,3.0,1.0,100.0,67.03853955375254
27260|시지대백신화창신맨션|apartment|59,2026-01,27260,apartment,59,178000000.0,178000000.0,1.0,3.0,10000000.0,5.617977528089887,0.0,1.0,1.0,33.33333333333333,41.14285714285714
27260|시지대백신화창신맨션|apartment|59,2026-02,27260,apartment,59,178000000.0,178000000.0,0.0,5.0,130000000.0,73.03370786516854,0.0,0.0,1.0,33.33333333333333,28.92768079800499
27260|시지대백신화창신맨션|apartment|59,2026-03,27260,apartment,59,172500000.0,175250000.0,2.0,4.0,117750000.0,67.18972895863052,-1.54494382022472,4.0,1.0,100.0,26.699029126213592
27260|시지대백신화창신맨션|apartment|59,2026-04,27260,apartment,59,172500000.0,173875000.0,0.0,2.0,10000000.0,5.7512580877066855,-2.31741573033708,0.0,2.0,66.66666666666666,47.46450304259635
27260|시지대백신화창신맨션|apartment|84,2026-01,27260,apartment,84,290000000.0,290000000.0,1.0,0.0,0.0,0.0,0.0,1.0,1.0,33.33333333333333,52.714285714285715
27260|시지대백신화창신맨션|apartment|84,2026-02,27260,apartment,84,290000000.0,290000000.0,0.0,0.0,0.0,0.0,0.0,0.0,1.0,33.33333333333333,44.2643391521197
27260|시지대백신화창신맨션|apartment|84,2026-03,27260,apartment,84,306500000.0,298250000.0,2.0,1.0,20000000.0,6.705783738474434,0.0,4.0,1.0,100.0,43.203883495145625
27260|시지대백신화창신맨션|apartment|84,2026-04,27260,apartment,84,306500000.0,302375000.0,0.0,1.0,30000000.0,9.921455146754857,0.0,0.0,2.0,66.66666666666666,59.02636916835699
27260|시지대백신화창신맨션|apartment|unknown,2026-04,27260,apartment,unknown,0.0,0.0,0.0,2.0,20000000.0,0.0,0.0,0.0,1.0,0.0,20.99391480730223
27260|시지대성유니드|apartment|101,2026-03,27260,apartment,101,310000000.0,310000000.0,1.0,0.0,0.0,0.0,0.0,1.0,1.0,50.0,44.90291262135923
27260|시지대성유니드|apartment|101,2026-04,27260,apartment,101,309000000.0,309500000.0,1.0,0.0,0.0,0.0,-0.1612903225806428,1.0,1.0,100.0,60.04056795131846
27260|시지대성유니드|apartment|84,2026-02,27260,apartment,84,259000000.0,259000000.0,1.0,0.0,0.0,0.0,0.0,1.0,1.0,100.0,39.15211970074813
27260|시지대성유니드|apartment|over_101,2026-01,27260,apartment,over_101,365000000.0,365000000.0,1.0,0.0,0.0,0.0,0.0,1.0,1.0,50.0,59.857142857142854
27260|시지대성유니드|apartment|over_101,2026-02,27260,apartment,over_101,390000000.0,377500000.0,1.0,0.0,0.0,0.0,0.0,1.0,1.0,100.0,54.11471321695761
27260|시지대성유니드|apartment|over_101,2026-03,27260,apartment,over_101,390000000.0,383750000.0,0.0,1.0,20000000.0,5.211726384364821,0.0,0.0,0.5,100.0,53.883495145631066
27260|시지대성유니드|apartment|over_101,2026-04,27260,apartment,over_101,360000000.0,371875000.0,1.0,2.0,165000000.0,44.36974789915966,-3.0944625407166138,1.5,0.5,100.0,66.12576064908721
27260|시지대성유니드|apartment|unknown,2026-04,27260,apartment,unknown,0.0,0.0,0.0,2.0,165000000.0,0.0,0.0,0.0,1.0,0.0,20.99391480730223
27260|시지동서타운|apartment|84,2026-04,27260,apartment,84,0.0,0.0,0.0,1.0,230000000.0,0.0,0.0,0.0,1.0,0.0,20.99391480730223
27260|시지동서타운|apartment|over_101,2026-01,27260,apartment,over_101,340000000.0,340000000.0,1.0,0.0,0.0,0.0,0.0,1.0,1.0,100.0,57.99999999999999
27260|시지동서타운|apartment|over_101,2026-02,27260,apartment,over_101,340000000.0,340000000.0,0.0,1.0,20000000.0,5.88235294117647,0.0,0.0,1.0,100.0,50.748129675810475
27260|시지동서타운|apartment|over_101,2026-03,27260,apartment,over_101,340000000.0,340000000.0,0.0,0.0,20000000.0,5.88235294117647,0.0,0.0,0.0,100.0,49.029126213592235
27260|시지동서타운|apartment|over_101,2026-04,27260,apartment,over_101,340000000.0,340000000.0,0.0,1.0,20000000.0,5.88235294117647,0.0,0.0,0.0,0.0,63.59026369168357
27260|시지동서타운|apartment|unknown,2026-04,27260,apartment,unknown,0.0,0.0,0.0,2.0,125000000.0,0.0,0.0,0.0,1.0,0.0,20.99391480730223
27260|시지동화아이위시|apartment|74,2026-02,27260,apartment,74,270500000.0,270500000.0,2.0,0.0,0.0,0.0,0.0,2.0,1.0,50.0,41.64588528678304
27260|시지동화아이위시|apartment|74,2026-03,27260,apartment,74,284000000.0,277250000.0,2.0,0.0,0.0,0.0,0.0,1.0,1.0,100.0,39.32038834951456
27260|시지동화아이위시|apartment|84,2026-01,27260,apartment,84,320000000.0,320000000.0,1.0,0.0,0.0,0.0,0.0,1.0,1.0,50.0,56.57142857142857
27260|시지동화아이위시|apartment|84,2026-02,27260,apartment,84,310000000.0,315000000.0,1.0,3.0,260000000.0,82.53968253968253,-1.5625,1.0,1.0,100.0,48.87780548628429
27260|시지동화아이위시|apartment|84,2026-03,27260,apartment,84,310000000.0,312500000.0,0.0,1.0,270000000.0,86.4,-2.34375,0.0,0.5,100.0,45.26699029126214
27260|시지동화아이위시|apartment|84,2026-04,27260,apartment,84,375000000.0,343750000.0,1.0,1.0,10000000.0,2.909090909090909,0.0,1.5,0.5,100.0,64.3002028397566
27260|시지동화아이위시|apartment|unknown,2026-04,27260,apartment,unknown,0.0,0.0,0.0,1.0,10000000.0,0.0,0.0,0.0,1.0,0.0,20.99391480730223
27260|시지라온프라이빗|apartment|84,2026-01,27260,apartment,84,0.0,0.0,0.0,2.0,410000000.0,0.0,0.0,0.0,1.0,0.0,17.142857142857142
27260|시지라온프라이빗|apartment|84,2026-02,27260,apartment,84,0.0,0.0,0.0,2.0,172500000.0,0.0,0.0,0.0,1.0,0.0,10.224438902743142
27260|시지매호2동서|apartment|59,2026-01,27260,apartment,59,217000000.0,217000000.0,1.0,0.0,0.0,0.0,0.0,1.0,1.0,100.0,44.0
27260|시지매호2동서|apartment|59,2026-02,27260,apartment,59,217000000.0,217000000.0,0.0,0.0,0.0,0.0,0.0,0.0,1.0,100.0,33.416458852867834
27260|시지매호2동서|apartment|59,2026-03,27260,apartment,59,217000000.0,217000000.0,0.0,0.0,0.0,0.0,0.0,0.0,0.0,100.0,31.06796116504854
27260|시지매호2동서|apartment|59,2026-04,27260,apartment,59,240000000.0,228500000.0,1.0,1.0,170000000.0,74.39824945295405,0.0,3.0,1.0,100.0,51.52129817444219
27260|시지매호2동서|apartment|84,2026-01,27260,apartment,84,317000000.0,317000000.0,1.0,0.0,0.0,0.0,0.0,1.0,1.0,33.33333333333333,56.00000000000001
27260|시지매호2동서|apartment|84,2026-02,27260,apartment,84,317000000.0,317000000.0,0.0,1.0,250000000.0,78.86435331230284,0.0,0.0,1.0,33.33333333333333,49.37655860349127
27260|시지매호2동서|apartment|84,2026-03,27260,apartment,84,269000000.0,293000000.0,1.0,0.0,250000000.0,85.32423208191126,-7.57097791798107,2.0,0.5,66.66666666666666,41.99029126213592
27260|시지매호2동서|apartment|84,2026-04,27260,apartment,84,298500000.0,295750000.0,2.0,0.0,250000000.0,84.53085376162299,-6.703470031545744,3.0,3.0,100.0,58.41784989858012
27260|시지매호2동서|apartment|unknown,2026-04,27260,apartment,unknown,0.0,0.0,0.0,1.0,170000000.0,0.0,0.0,0.0,1.0,0.0,20.99391480730223
27260|시지반도유보라|apartment|84,2026-01,27260,apartment,84,495500000.0,495500000.0,2.0,3.0,150000000.0,30.272452068617557,0.0,2.0,1.0,50.0,70.85714285714285
27260|시지반도유보라|apartment|84,2026-02,27260,apartment,84,500000000.0,497750000.0,1.0,2.0,205000000.0,41.185334003013566,0.0,0.5,1.0,75.0,66.83291770573567
27260|시지반도유보라|apartment|84,2026-03,27260,apartment,84,457000000.0,477375000.0,1.0,1.0,262500000.0,54.98821681068342,-4.093420391762937,0.6666666666666666,0.5,100.0,63.10679611650486
27260|시지반도유보라|apartment|84,2026-04,27260,apartment,84,462500000.0,469937500.0,2.0,0.0,262500000.0,55.85849182072084,-5.587644399799096,1.5,1.0,100.0,73.42799188640974
27260|시지보성서한아파트|apartment|84,2026-01,27260,apartment,84,0.0,0.0,0.0,2.0,220000000.0,0.0,0.0,0.0,1.0,0.0,17.142857142857142
27260|시지보성서한아파트|apartment|84,2026-02,27260,apartment,84,0.0,0.0,0.0,0.0,220000000.0,0.0,0.0,0.0,1.0,0.0,10.224438902743142
27260|시지보성서한아파트|apartment|84,2026-03,27260,apartment,84,0.0,0.0,0.0,0.0,220000000.0,0.0,0.0,0.0,1.0,0.0,8.859223300970873
27260|시지보성서한아파트|apartment|84,2026-04,27260,apartment,84,282500000.0,282500000.0,2.0,0.0,220000000.0,77.87610619469027,0.0,2.0,1.0,100.0,57.200811359026375
27260|시지보성서한아파트|apartment|over_101,2026-02,27260,apartment,over_101,340000000.0,340000000.0,1.0,1.0,290000000.0,85.29411764705883,0.0,1.0,1.0,33.33333333333333,50.748129675810475
27260|시지보성서한아파트|apartment|over_101,2026-03,27260,apartment,over_101,350000000.0,345000000.0,1.0,0.0,290000000.0,84.05797101449275,0.0,1.0,1.0,66.66666666666666,49.75728155339806
27260|시지보성서한아파트|apartment|over_101,2026-04,27260,apartment,over_101,327500000.0,336250000.0,1.0,2.0,162500000.0,48.3271375464684,-2.536231884057971,1.0,1.0,100.0,63.083164300202846
27260|시지보성서한아파트|apartment|unknown,2026-04,27260,apartment,unknown,0.0,0.0,0.0,2.0,162500000.0,0.0,0.0,0.0,1.0,0.0,20.99391480730223
27260|시지삼주한라협화|apartment|59,2026-01,27260,apartment,59,179500000.0,179500000.0,4.0,3.0,10000000.0,5.571030640668524,0.0,4.0,1.0,40.0,41.42857142857143
27260|시지삼주한라협화|apartment|59,2026-02,27260,apartment,59,162000000.0,170750000.0,5.0,8.0,10000000.0,5.856515373352855,-4.874651810584963,1.25,1.0,90.0,27.680798004987533
27260|시지삼주한라협화|apartment|59,2026-03,27260,apartment,59,153000000.0,161875000.0,1.0,2.0,10000000.0,6.177606177606178,-9.81894150417827,0.2222222222222222,0.75,100.0,25.0
27260|시지삼주한라협화|apartment|59,2026-04,27260,apartment,59,153000000.0,157437500.0,0.0,1.0,10000000.0,6.351726875744343,-12.291086350974933,0.0,0.1111111111111111,60.0,45.63894523326572
27260|시지삼주한라협화|apartment|84,2026-01,27260,apartment,84,0.0,0.0,0.0,3.0,20000000.0,0.0,0.0,0.0,1.0,0.0,17.142857142857142
27260|시지삼주한라협화|apartment|84,2026-02,27260,apartment,84,0.0,0.0,0.0,1.0,230000000.0,0.0,0.0,0.0,1.0,0.0,10.224438902743142
27260|시지삼주한라협화|apartment|84,2026-03,27260,apartment,84,320000000.0,320000000.0,1.0,1.0,20000000.0,6.25,0.0,1.0,1.0,50.0,46.72330097087379
27260|시지삼주한라협화|apartment|84,2026-04,27260,apartment,84,288000000.0,304000000.0,1.0,2.0,122500000.0,40.29605263157895,-5.000000000000004,3.0,1.0,100.0,59.2292089249493
27260|시지삼주한라협화|apartment|unknown,2026-04,27260,apartment,unknown,0.0,0.0,0.0,3.0,10000000.0,0.0,0.0,0.0,1.0,0.0,20.99391480730223
27260|시지서한타운2|apartment|59,2026-01,27260,apartment,59,151000000.0,151000000.0,1.0,2.0,130000000.0,86.09271523178808,0.0,1.0,1.0,50.0,38.857142857142854
27260|시지서한타운2|apartment|59,2026-02,27260,apartment,59,151000000.0,151000000.0,0.0,1.0,135000000.0,89.40397350993378,0.0,0.0,1.0,50.0,26.433915211970078
27260|시지서한타운2|apartment|59,2026-03,27260,apartment,59,138000000.0,144500000.0,1.0,0.0,135000000.0,93.42560553633218,-4.304635761589404,2.0,0.5,100.0,21.11650485436893
27260|시지서한타운2|apartment|84,2026-01,27260,apartment,84,0.0,0.0,0.0,1.0,190000000.0,0.0,0.0,0.0,1.0,0.0,17.142857142857142
27260|시지서한타운2|apartment|over_101,2026-02,27260,apartment,over_101,303000000.0,303000000.0,1.0,0.0,0.0,0.0,0.0,1.0,1.0,100.0,46.88279301745636
27260|시지센트레빌|apartment|74,2026-03,27260,apartment,74,0.0,0.0,0.0,1.0,290000000.0,0.0,0.0,0.0,1.0,0.0,8.859223300970873
27260|시지센트레빌|apartment|84,2026-01,27260,apartment,84,0.0,0.0,0.0,1.0,30000000.0,0.0,0.0,0.0,1.0,0.0,17.142857142857142
27260|시지에덴타운|apartment|84,2026-02,27260,apartment,84,222000000.0,222000000.0,1.0,0.0,0.0,0.0,0.0,1.0,1.0,100.0,34.1645885286783
27260|시지에덴타운|apartment|84,2026-03,27260,apartment,84,222000000.0,222000000.0,0.0,1.0,195000000.0,87.83783783783784,0.0,0.0,1.0,100.0,32.038834951456316
27260|시지에덴타운|apartment|over_101,2026-02,27260,apartment,over_101,0.0,0.0,0.0,1.0,20000000.0,0.0,0.0,0.0,1.0,0.0,10.224438902743142
27260|시지우방하이츠|apartment|59,2026-02,27260,apartment,59,0.0,0.0,0.0,1.0,10000000.0,0.0,0.0,0.0,1.0,0.0,10.224438902743142
27260|시지우방하이츠|apartment|59,2026-03,27260,apartment,59,0.0,0.0,0.0,0.0,10000000.0,0.0,0.0,0.0,1.0,0.0,8.859223300970873
27260|시지우방하이츠|apartment|59,2026-04,27260,apartment,59,0.0,0.0,0.0,1.0,85000000.0,0.0,0.0,0.0,1.0,0.0,20.99391480730223
27260|시지우방하이츠|apartment|84,2026-02,27260,apartment,84,216500000.0,216500000.0,2.0,1.0,190000000.0,87.75981524249423,0.0,2.0,1.0,100.0,33.16708229426434
27260|시지우방하이츠|apartment|unknown,2026-04,27260,apartment,unknown,0.0,0.0,0.0,1.0,85000000.0,0.0,0.0,0.0,1.0,0.0,20.99391480730223
27260|시지월드메르디앙|apartment|59,2026-02,27260,apartment,59,305000000.0,305000000.0,1.0,0.0,0.0,0.0,0.0,1.0,1.0,33.33333333333333,47.381546134663346
27260|시지월드메르디앙|apartment|59,2026-03,27260,apartment,59,305000000.0,305000000.0,1.0,0.0,0.0,0.0,0.0,1.0,1.0,66.66666666666666,44.417475728155345
27260|시지월드메르디앙|apartment|59,2026-04,27260,apartment,59,315000000.0,310000000.0,1.0,0.0,0.0,0.0,0.0,1.0,1.0,100.0,60.24340770791075
27260|시지월드메르디앙|apartment|74,2026-03,27260,apartment,74,396000000.0,396000000.0,1.0,0.0,0.0,0.0,0.0,1.0,1.0,100.0,55.8252427184466
27260|시지월드메르디앙|apartment|74,2026-04,27260,apartment,74,396000000.0,396000000.0,0.0,1.0,200000000.0,50.505050505050505,0.0,0.0,1.0,100.0,68.55983772819472
27260|시지월드메르디앙|apartment|84,2026-01,27260,apartment,84,475000000.0,475000000.0,1.0,1.0,330000000.0,69.47368421052632,0.0,1.0,1.0,20.0,69.42857142857143
27260|시지월드메르디앙|apartment|84,2026-02,27260,apartment,84,516500000.0,495750000.0,2.0,1.0,30000000.0,6.051437216338881,0.0,2.0,1.0,60.0,66.58354114713218
27260|시지월드메르디앙|apartment|84,2026-03,27260,apartment,84,506500000.0,501125000.0,2.0,1.0,320000000.0,63.85632327263657,0.0,1.3333333333333333,2.0,100.0,64.56310679611651
27260|시지월드메르디앙|apartment|84,2026-04,27260,apartment,84,480000000.0,490562500.0,1.0,0.0,320000000.0,65.23123964836284,-2.1077575455225706,0.6,1.0,100.0,74.64503042596348
27260|시지월드메르디앙|apartment|over_101,2026-01,27260,apartment,over_101,0.0,0.0,0.0,1.0,0.0,0.0,0.0,0.0,1.0,0.0,17.142857142857142
27260|시지월드메르디앙|apartment|over_101,2026-02,27260,apartment,over_101,0.0,0.0,0.0,0.0,0.0,0.0,0.0,0.0,1.0,0.0,10.224438902743142
27260|시지월드메르디앙|apartment|over_101,2026-03,27260,apartment,over_101,0.0,0.0,0.0,0.0,0.0,0.0,0.0,0.0,1.0,0.0,8.859223300970873
27260|시지월드메르디앙|apartment|over_101,2026-04,27260,apartment,over_101,0.0,0.0,0.0,1.0,200000000.0,0.0,0.0,0.0,1.0,0.0,20.99391480730223
27260|시지월드메르디앙|apartment|unknown,2026-04,27260,apartment,unknown,0.0,0.0,0.0,2.0,200000000.0,0.0,0.0,0.0,1.0,0.0,20.99391480730223
27260|시지청솔타운|apartment|59,2026-01,27260,apartment,59,162500000.0,162500000.0,2.0,3.0,10000000.0,6.153846153846154,0.0,2.0,1.0,16.666666666666664,39.714285714285715
27260|시지청솔타운|apartment|59,2026-02,27260,apartment,59,149000000.0,155750000.0,4.0,5.0,10000000.0,6.420545746388442,-4.153846153846152,2.0,1.0,50.0,26.683291770573565
27260|시지청솔타운|apartment|59,2026-03,27260,apartment,59,156500000.0,156125000.0,4.0,4.0,10000000.0,6.405124099279423,-3.923076923076918,1.3333333333333333,2.0,83.33333333333334,24.029126213592235
27260|시지청솔타운|apartment|59,2026-04,27260,apartment,59,161750000.0,158937500.0,4.0,4.0,126000000.0,79.27644514353126,-2.1923076923076934,1.2,1.3333333333333333,100.0,46.0446247464503
27260|시지청솔타운|apartment|unknown,2026-04,27260,apartment,unknown,0.0,0.0,0.0,4.0,126000000.0,0.0,0.0,0.0,1.0,0.0,20.99391480730223
27260|시지태성맨션|apartment|59,2026-01,27260,apartment,59,0.0,0.0,0.0,3.0,110000000.0,0.0,0.0,0.0,1.0,0.0,17.142857142857142
27260|시지태성맨션|apartment|59,2026-02,27260,apartment,59,0.0,0.0,0.0,1.0,130000000.0,0.0,0.0,0.0,1.0,0.0,10.224438902743142
27260|시지태성맨션|apartment|59,2026-03,27260,apartment,59,164000000.0,164000000.0,1.0,2.0,10000000.0,6.097560975609756,0.0,1.0,1.0,100.0,25.24271844660194
27260|시지태성맨션|apartment|59,2026-04,27260,apartment,59,164000000.0,164000000.0,0.0,3.0,100000000.0,60.97560975609756,0.0,0.0,1.0,100.0,46.65314401622718
27260|시지태성맨션|apartment|84,2026-01,27260,apartment,84,0.0,0.0,0.0,1.0,20000000.0,0.0,0.0,0.0,1.0,0.0,17.142857142857142
27260|시지태성맨션|apartment|84,2026-02,27260,apartment,84,0.0,0.0,0.0,0.0,20000000.0,0.0,0.0,0.0,1.0,0.0,10.224438902743142
27260|시지태성맨션|apartment|84,2026-03,27260,apartment,84,0.0,0.0,0.0,0.0,20000000.0,0.0,0.0,0.0,1.0,0.0,8.859223300970873
27260|시지태성맨션|apartment|84,2026-04,27260,apartment,84,0.0,0.0,0.0,1.0,220000000.0,0.0,0.0,0.0,1.0,0.0,20.99391480730223
27260|시지태성맨션|apartment|unknown,2026-04,27260,apartment,unknown,0.0,0.0,0.0,4.0,115000000.0,0.0,0.0,0.0,1.0,0.0,20.99391480730223
27260|시지태왕아너스|apartment|84,2026-01,27260,apartment,84,405000000.0,405000000.0,1.0,0.0,0.0,0.0,0.0,1.0,1.0,50.0,64.0
27260|시지태왕아너스|apartment|84,2026-02,27260,apartment,84,405000000.0,405000000.0,0.0,0.0,0.0,0.0,0.0,0.0,1.0,50.0,58.104738154613464
27260|시지태왕아너스|apartment|84,2026-03,27260,apartment,84,450000000.0,427500000.0,1.0,0.0,0.0,0.0,0.0,2.0,0.5,100.0,58.7378640776699
27260|시지한신휴플러스|apartment|84,2026-01,27260,apartment,84,377000000.0,377000000.0,3.0,1.0,290000000.0,76.92307692307693,0.0,3.0,1.0,60.0,60.57142857142858
27260|시지한신휴플러스|apartment|84,2026-02,27260,apartment,84,350000000.0,363500000.0,1.0,1.0,290000000.0,79.7799174690509,-3.5809018567639295,0.3333333333333333,1.0,80.0,52.867830423940156
27260|시지한신휴플러스|apartment|84,2026-03,27260,apartment,84,330000000.0,346750000.0,1.0,1.0,290000000.0,83.633741888969,-8.023872679045096,0.5,0.3333333333333333,100.0,50.24271844660194
27260|시지한신휴플러스|apartment|84,2026-04,27260,apartment,84,370000000.0,358375000.0,1.0,0.0,290000000.0,80.92082316009767,-4.94031830238727,0.6,0.5,60.0,65.51724137931035
27260|시지한신휴플러스|apartment|over_101,2026-01,27260,apartment,over_101,0.0,0.0,0.0,1.0,20000000.0,0.0,0.0,0.0,1.0,0.0,17.142857142857142
27260|시지한신휴플러스|apartment|over_101,2026-02,27260,apartment,over_101,540000000.0,540000000.0,1.0,0.0,20000000.0,3.7037037037037033,0.0,1.0,1.0,100.0,69.70074812967582
27260|시지협화타운2|apartment|59,2026-01,27260,apartment,59,145000000.0,145000000.0,1.0,1.0,10000000.0,6.896551724137931,0.0,1.0,1.0,50.0,37.714285714285715
27260|시지협화타운2|apartment|59,2026-02,27260,apartment,59,145000000.0,145000000.0,0.0,0.0,10000000.0,6.896551724137931,0.0,0.0,1.0,50.0,24.93765586034913
27260|시지협화타운2|apartment|59,2026-03,27260,apartment,59,153000000.0,149000000.0,1.0,0.0,10000000.0,6.7114093959731544,0.0,2.0,0.5,100.0,23.058252427184467
27260|시지협화타운2|apartment|84,2026-02,27260,apartment,84,0.0,0.0,0.0,2.0,90000000.0,0.0,0.0,0.0,1.0,0.0,10.224438902743142
27260|시지효성백년가약1단지|apartment|101,2026-01,27260,apartment,101,782500000.0,782500000.0,2.0,0.0,0.0,0.0,0.0,2.0,1.0,100.0,84.0
27260|시지효성백년가약1단지|apartment|84,2026-03,27260,apartment,84,0.0,0.0,0.0,1.0,50000000.0,0.0,0.0,0.0,1.0,0.0,8.859223300970873
27260|시지효성백년가약1단지|apartment|over_101,2026-02,27260,apartment,over_101,775000000.0,775000000.0,1.0,0.0,0.0,0.0,0.0,1.0,1.0,25.0,82.16957605985037
27260|시지효성백년가약1단지|apartment|over_101,2026-03,27260,apartment,over_101,778000000.0,776500000.0,1.0,0.0,0.0,0.0,0.0,1.0,1.0,50.0,80.8252427184466
27260|시지효성백년가약1단지|apartment|over_101,2026-04,27260,apartment,over_101,782500000.0,779500000.0,2.0,0.0,0.0,0.0,0.0,2.0,1.5,100.0,86.61257606490872
27260|시지효성백년가약2단지|apartment|101,2026-01,27260,apartment,101,0.0,0.0,0.0,1.0,300000000.0,0.0,0.0,0.0,1.0,0.0,17.142857142857142
27260|시지효성백년가약2단지|apartment|101,2026-02,27260,apartment,101,0.0,0.0,0.0,1.0,385000000.0,0.0,0.0,0.0,1.0,0.0,10.224438902743142
27260|시지효성백년가약2단지|apartment|101,2026-03,27260,apartment,101,735000000.0,735000000.0,1.0,1.0,400000000.0,54.421768707483,0.0,1.0,1.0,100.0,78.64077669902912
27260|시지효성백년가약2단지|apartment|84,2026-01,27260,apartment,84,667500000.0,667500000.0,2.0,0.0,0.0,0.0,0.0,2.0,1.0,66.66666666666666,78.57142857142857
27260|시지효성백년가약2단지|apartment|84,2026-02,27260,apartment,84,667500000.0,667500000.0,0.0,0.0,0.0,0.0,0.0,0.0,1.0,66.66666666666666,78.05486284289277
27260|시지효성백년가약2단지|apartment|84,2026-03,27260,apartment,84,645000000.0,656250000.0,1.0,0.0,0.0,0.0,-1.6853932584269704,1.0,0.25,100.0,76.45631067961165
27260|시지효성백년가약2단지|apartment|over_101,2026-01,27260,apartment,over_101,812500000.0,812500000.0,2.0,1.0,409000000.0,50.338461538461544,0.0,2.0,1.0,100.0,85.42857142857143
27260|시지효성백년가약2단지|apartment|over_101,2026-02,27260,apartment,over_101,812500000.0,812500000.0,0.0,0.0,409000000.0,50.338461538461544,0.0,0.0,1.0,100.0,84.28927680798004
27260|시지효성백년가약2단지|apartment|over_101,2026-03,27260,apartment,over_101,812500000.0,812500000.0,0.0,0.0,409000000.0,50.338461538461544,0.0,0.0,0.0,100.0,84.22330097087378
27260|시지효성백년가약2단지|apartment|over_101,2026-04,27260,apartment,over_101,860000000.0,836250000.0,2.0,0.0,409000000.0,48.908819133034385,0.0,3.0,1.0,100.0,88.84381338742394
27260|신매보성타운|apartment|59,2026-01,27260,apartment,59,131000000.0,131000000.0,1.0,0.0,0.0,0.0,0.0,1.0,1.0,50.0,36.57142857142857
27260|신매보성타운|apartment|59,2026-02,27260,apartment,59,131000000.0,131000000.0,0.0,1.0,95000000.0,72.51908396946564,0.0,0.0,1.0,50.0,22.942643391521198
27260|신매보성타운|apartment|59,2026-03,27260,apartment,59,118000000.0,124500000.0,1.0,1.0,10000000.0,8.032128514056225,-4.961832061068705,2.0,0.5,100.0,19.41747572815534
27260|신매보성타운|apartment|59,2026-04,27260,apartment,59,118000000.0,121250000.0,0.0,1.0,5000000.0,4.123711340206185,-7.4427480916030575,0.0,1.0,50.0,42.799188640973625
27260|신매보성타운|apartment|unknown,2026-04,27260,apartment,unknown,0.0,0.0,0.0,1.0,5000000.0,0.0,0.0,0.0,1.0,0.0,20.99391480730223
27260|신매아이프라임|apartment|84,2026-01,27260,apartment,84,430000000.0,430000000.0,3.0,1.0,30000000.0,6.976744186046512,0.0,3.0,1.0,100.0,66.71428571428571
27260|신매아이프라임|apartment|84,2026-02,27260,apartment,84,430000000.0,430000000.0,0.0,1.0,350000000.0,81.3953488372093,0.0,0.0,1.0,100.0,61.59600997506235
27260|신매아이프라임|apartment|84,2026-03,27260,apartment,84,430000000.0,430000000.0,0.0,1.0,20000000.0,4.651162790697675,0.0,0.0,0.0,100.0,59.46601941747572
27260|신매아이프라임|apartment|84,2026-04,27260,apartment,84,430000000.0,430000000.0,0.0,2.0,260500000.0,60.581395348837205,0.0,0.0,0.0,0.0,70.79107505070994
27260|신매아이프라임|apartment|over_101,2026-04,27260,apartment,over_101,490000000.0,490000000.0,1.0,0.0,0.0,0.0,0.0,1.0,1.0,100.0,74.4421906693712
27260|신매아이프라임|apartment|unknown,2026-04,27260,apartment,unknown,0.0,0.0,0.0,2.0,260500000.0,0.0,0.0,0.0,1.0,0.0,20.99391480730223
27260|신매역우방유셀|apartment|84,2026-02,27260,apartment,84,0.0,0.0,0.0,1.0,220000000.0,0.0,0.0,0.0,1.0,0.0,10.224438902743142
27260|신매역우방유셀|apartment|84,2026-03,27260,apartment,84,0.0,0.0,0.0,2.0,105000000.0,0.0,0.0,0.0,1.0,0.0,8.859223300970873
27260|신매역우방유셀|apartment|84,2026-04,27260,apartment,84,295000000.0,295000000.0,1.0,0.0,105000000.0,35.59322033898305,0.0,1.0,1.0,100.0,58.21501014198783
27260|신매우방타운|apartment|59,2026-02,27260,apartment,59,0.0,0.0,0.0,1.0,5000000.0,0.0,0.0,0.0,1.0,0.0,10.224438902743142
27260|신매우방타운|apartment|59,2026-03,27260,apartment,59,148000000.0,148000000.0,1.0,0.0,5000000.0,3.3783783783783785,0.0,1.0,1.0,100.0,22.572815533980584
27260|신매우방타운|apartment|59,2026-04,27260,apartment,59,148000000.0,148000000.0,0.0,1.0,10000000.0,6.756756756756757,0.0,0.0,1.0,100.0,44.827586206896555
27260|신매우방타운|apartment|84,2026-02,27260,apartment,84,235000000.0,235000000.0,1.0,0.0,0.0,0.0,0.0,1.0,1.0,100.0,36.65835411471321
27260|신매우방타운|apartment|84,2026-03,27260,apartment,84,235000000.0,235000000.0,0.0,0.0,0.0,0.0,0.0,0.0,1.0,100.0,34.70873786407767
27260|신매우방타운|apartment|84,2026-04,27260,apartment,84,235000000.0,235000000.0,0.0,1.0,190000000.0,80.85106382978722,0.0,0.0,0.0,100.0,51.724137931034484
27260|신매우방타운|apartment|under_40,2026-01,27260,apartment,under_40,0.0,0.0,0.0,1.0,5000000.0,0.0,0.0,0.0,1.0,0.0,17.142857142857142
27260|신매우방타운|apartment|under_40,2026-02,27260,apartment,under_40,92000000.0,92000000.0,1.0,1.0,5000000.0,5.434782608695652,0.0,1.0,1.0,100.0,20.947630922693268
27260|신매우방타운|apartment|unknown,2026-04,27260,apartment,unknown,0.0,0.0,0.0,2.0,100000000.0,0.0,0.0,0.0,1.0,0.0,20.99391480730223
27260|신세계타운|apartment|84,2026-01,27260,apartment,84,0.0,0.0,0.0,1.0,10000000.0,0.0,0.0,0.0,1.0,0.0,17.142857142857142
27260|신세계타운|apartment|84,2026-02,27260,apartment,84,410000000.0,410000000.0,1.0,3.0,200000000.0,48.78048780487805,0.0,1.0,1.0,25.0,58.728179551122196
27260|신세계타운|apartment|84,2026-03,27260,apartment,84,405000000.0,407500000.0,1.0,2.0,120000000.0,29.447852760736197,-0.6097560975609762,2.0,1.0,50.0,56.79611650485437
27260|신세계타운|apartment|84,2026-04,27260,apartment,84,395500000.0,401500000.0,2.0,1.0,20000000.0,4.9813200498132,-2.073170731707319,3.0,3.0,100.0,68.96551724137932
27260|신세계타운|apartment|over_101,2026-01,27260,apartment,over_101,563500000.0,563500000.0,4.0,1.0,20000000.0,3.54924578527063,0.0,4.0,1.0,50.0,73.71428571428571
27260|신세계타운|apartment|over_101,2026-02,27260,apartment,over_101,520000000.0,541750000.0,2.0,2.0,160000000.0,29.533917858790954,-3.8598047914818134,0.5,1.0,75.0,70.07481296758104
27260|신세계타운|apartment|over_101,2026-03,27260,apartment,over_101,509000000.0,525375000.0,2.0,2.0,145000000.0,27.599333809183918,-6.765749778172136,0.6666666666666666,0.5,100.0,66.01941747572816
27260|신세계타운|apartment|over_101,2026-04,27260,apartment,over_101,578500000.0,551937500.0,2.0,1.0,30000000.0,5.435398029668214,-2.0519077196095803,0.75,0.6666666666666666,75.0,77.48478701825557
27260|신세계타운|apartment|unknown,2026-04,27260,apartment,unknown,0.0,0.0,0.0,2.0,25000000.0,0.0,0.0,0.0,1.0,0.0,20.99391480730223
27260|신천지타운|apartment|84,2026-01,27260,apartment,84,0.0,0.0,0.0,1.0,20000000.0,0.0,0.0,0.0,1.0,0.0,17.142857142857142
27260|신천지타운|apartment|84,2026-02,27260,apartment,84,0.0,0.0,0.0,2.0,22500000.0,0.0,0.0,0.0,1.0,0.0,10.224438902743142
27260|신천지타운|apartment|84,2026-03,27260,apartment,84,0.0,0.0,0.0,1.0,270000000.0,0.0,0.0,0.0,1.0,0.0,8.859223300970873
27260|신천지타운|apartment|84,2026-04,27260,apartment,84,250000000.0,250000000.0,1.0,0.0,270000000.0,108.0,0.0,1.0,1.0,100.0,54.259634888438136
27260|신천지타운|apartment|over_101,2026-02,27260,apartment,over_101,520000000.0,520000000.0,1.0,0.0,0.0,0.0,0.0,1.0,1.0,50.0,68.5785536159601
27260|신천지타운|apartment|over_101,2026-03,27260,apartment,over_101,507000000.0,513500000.0,1.0,0.0,0.0,0.0,-1.2499999999999956,1.0,1.0,100.0,65.0485436893204
27260|신천지하이츠|apartment|84,2026-01,27260,apartment,84,0.0,0.0,0.0,1.0,20000000.0,0.0,0.0,0.0,1.0,0.0,17.142857142857142
27260|신화빌라트|apartment|59,2026-03,27260,apartment,59,0.0,0.0,0.0,1.0,100000000.0,0.0,0.0,0.0,1.0,0.0,8.859223300970873
27260|신화빌라트|apartment|84,2026-02,27260,apartment,84,292000000.0,292000000.0,1.0,0.0,0.0,0.0,0.0,1.0,1.0,33.33333333333333,44.763092269326684
27260|신화빌라트|apartment|84,2026-03,27260,apartment,84,266500000.0,279250000.0,2.0,0.0,0.0,0.0,-4.366438356164382,2.0,1.0,100.0,39.80582524271845
27260|신화빌라트|apartment|84,2026-04,27260,apartment,84,266500000.0,272875000.0,0.0,1.0,210000000.0,76.95831424644985,-6.5496575342465775,0.0,1.0,100.0,56.5922920892495
27260|신화빌라트|apartment|unknown,2026-04,27260,apartment,unknown,0.0,0.0,0.0,1.0,210000000.0,0.0,0.0,0.0,1.0,0.0,20.99391480730223
27260|실리안|apartment|84,2026-01,27260,apartment,84,0.0,0.0,0.0,1.0,20000000.0,0.0,0.0,0.0,1.0,0.0,17.142857142857142
27260|실리안|apartment|84,2026-02,27260,apartment,84,0.0,0.0,0.0,0.0,20000000.0,0.0,0.0,0.0,1.0,0.0,10.224438902743142
27260|실리안|apartment|84,2026-03,27260,apartment,84,240000000.0,240000000.0,1.0,1.0,20000000.0,8.333333333333332,0.0,1.0,1.0,100.0,34.95145631067961
27260|실리안|apartment|84,2026-04,27260,apartment,84,240000000.0,240000000.0,0.0,1.0,50000000.0,20.833333333333336,0.0,0.0,1.0,100.0,52.53549695740365
27260|실리안|apartment|unknown,2026-04,27260,apartment,unknown,0.0,0.0,0.0,1.0,50000000.0,0.0,0.0,0.0,1.0,0.0,20.99391480730223
27260|심비움|apartment|84,2026-01,27260,apartment,84,259000000.0,259000000.0,1.0,0.0,0.0,0.0,0.0,1.0,1.0,50.0,48.57142857142857
27260|심비움|apartment|84,2026-02,27260,apartment,84,210000000.0,234500000.0,1.0,0.0,0.0,0.0,-9.459459459459463,1.0,1.0,100.0,36.408977556109726
27260|쌍용더플래티넘범어|apartment|84,2026-01,27260,apartment,84,1094500000.0,1094500000.0,2.0,4.0,315000000.0,28.780264961169483,0.0,2.0,1.0,50.0,93.42857142857143
27260|쌍용더플래티넘범어|apartment|84,2026-02,27260,apartment,84,1140000000.0,1117250000.0,1.0,1.0,100000000.0,8.950548221078542,0.0,0.5,1.0,75.0,93.26683291770573
27260|쌍용더플래티넘범어|apartment|84,2026-03,27260,apartment,84,1130000000.0,1123625000.0,1.0,0.0,100000000.0,8.899766381132496,0.0,0.6666666666666666,0.5,100.0,92.71844660194175
27260|쌍용더플래티넘범어|apartment|84,2026-04,27260,apartment,84,1130000000.0,1126812500.0,0.0,2.0,365000000.0,32.39225691940762,0.0,0.0,0.3333333333333333,50.0,95.131845841785
27260|쌍용더플래티넘범어|apartment|unknown,2026-04,27260,apartment,unknown,0.0,0.0,0.0,2.0,365000000.0,0.0,0.0,0.0,1.0,0.0,20.99391480730223
27260|쌍용화성|apartment|59,2026-01,27260,apartment,59,260000000.0,260000000.0,6.0,3.0,10000000.0,3.8461538461538463,0.0,6.0,1.0,66.66666666666666,48.857142857142854
27260|쌍용화성|apartment|59,2026-02,27260,apartment,59,260000000.0,260000000.0,0.0,2.0,100000000.0,38.46153846153847,0.0,0.0,1.0,66.66666666666666,39.52618453865336
27260|쌍용화성|apartment|59,2026-03,27260,apartment,59,240000000.0,250000000.0,3.0,2.0,105000000.0,42.0,-3.8461538461538436,1.0,0.25,100.0,36.16504854368932
27260|쌍용화성|apartment|59,2026-04,27260,apartment,59,264000000.0,257000000.0,2.0,2.0,200000000.0,77.82101167315176,-1.1538461538461497,0.6666666666666666,0.8333333333333334,55.55555555555556,55.57809330628803
27260|쌍용화성|apartment|84,2026-01,27260,apartment,84,390000000.0,390000000.0,1.0,1.0,20000000.0,5.128205128205128,0.0,1.0,1.0,50.0,62.142857142857146
27260|쌍용화성|apartment|84,2026-02,27260,apartment,84,390000000.0,390000000.0,0.0,0.0,20000000.0,5.128205128205128,0.0,0.0,1.0,50.0,56.10972568578554
27260|쌍용화성|apartment|84,2026-03,27260,apartment,84,417000000.0,403500000.0,1.0,1.0,20000000.0,4.956629491945478,0.0,2.0,0.5,100.0,56.310679611650485
27260|쌍용화성|apartment|84,2026-04,27260,apartment,84,417000000.0,410250000.0,0.0,2.0,250000000.0,60.93845216331505,0.0,0.0,1.0,50.0,69.5740365111562
27260|쌍용화성|apartment|over_101,2026-02,27260,apartment,over_101,590000000.0,590000000.0,1.0,0.0,0.0,0.0,0.0,1.0,1.0,50.0,72.81795511221945
27260|쌍용화성|apartment|over_101,2026-03,27260,apartment,over_101,590000000.0,590000000.0,0.0,0.0,0.0,0.0,0.0,0.0,1.0,50.0,71.11650485436894
27260|쌍용화성|apartment|over_101,2026-04,27260,apartment,over_101,595000000.0,592500000.0,1.0,2.0,165000000.0,27.848101265822784,0.0,2.0,0.5,100.0,79.91886409736308
27260|쌍용화성|apartment|unknown,2026-04,27260,apartment,unknown,0.0,0.0,0.0,5.0,210000000.0,0.0,0.0,0.0,1.0,0.0,20.99391480730223
27260|아진|apartment|74,2026-02,27260,apartment,74,250000000.0,250000000.0,1.0,0.0,0.0,0.0,0.0,1.0,1.0,100.0,38.77805486284289
27260|어나드범어|apartment|over_101,2026-04,27260,apartment,over_101,0.0,0.0,0.0,2.0,1235000000.0,0.0,0.0,0.0,1.0,0.0,20.99391480730223
27260|어나드범어|apartment|unknown,2026-04,27260,apartment,unknown,0.0,0.0,0.0,2.0,1235000000.0,0.0,0.0,0.0,1.0,0.0,20.99391480730223
27260|에덴타운|apartment|74,2026-02,27260,apartment,74,180000000.0,180000000.0,1.0,0.0,0.0,0.0,0.0,1.0,1.0,100.0,29.42643391521197
27260|에덴타운|apartment|74,2026-03,27260,apartment,74,180000000.0,180000000.0,0.0,0.0,0.0,0.0,0.0,0.0,1.0,100.0,27.305825242718445
27260|에덴타운|apartment|74,2026-04,27260,apartment,74,180000000.0,180000000.0,0.0,1.0,160000000.0,88.88888888888889,0.0,0.0,0.0,100.0,47.870182555780936
27260|에덴타운|apartment|84,2026-01,27260,apartment,84,236000000.0,236000000.0,1.0,1.0,180000000.0,76.27118644067797,0.0,1.0,1.0,50.0,46.285714285714285
27260|에덴타운|apartment|84,2026-02,27260,apartment,84,236000000.0,236000000.0,0.0,0.0,180000000.0,76.27118644067797,0.0,0.0,1.0,50.0,36.907730673316706
27260|에덴타운|apartment|84,2026-03,27260,apartment,84,223000000.0,229500000.0,1.0,2.0,95000000.0,41.394335511982575,-2.754237288135597,2.0,0.5,100.0,33.49514563106796
27260|에덴타운|apartment|84,2026-04,27260,apartment,84,223000000.0,226250000.0,0.0,2.0,187500000.0,82.87292817679558,-4.131355932203384,0.0,1.0,50.0,51.115618661257614
27260|에덴타운|apartment|unknown,2026-04,27260,apartment,unknown,0.0,0.0,0.0,3.0,175000000.0,0.0,0.0,0.0,1.0,0.0,20.99391480730223
27260|영남맨션|apartment|84,2026-01,27260,apartment,84,245000000.0,245000000.0,1.0,0.0,0.0,0.0,0.0,1.0,1.0,100.0,48.0
27260|영남맨션|apartment|84,2026-02,27260,apartment,84,245000000.0,245000000.0,0.0,0.0,0.0,0.0,0.0,0.0,1.0,100.0,38.403990024937656
27260|영남맨션|apartment|84,2026-03,27260,apartment,84,245000000.0,245000000.0,0.0,0.0,0.0,0.0,0.0,0.0,0.0,100.0,35.43689320388349
27260|영남맨션|apartment|84,2026-04,27260,apartment,84,245000000.0,245000000.0,0.0,1.0,190000000.0,77.55102040816327,0.0,0.0,0.0,0.0,53.44827586206896
27260|영남맨션|apartment|over_101,2026-01,27260,apartment,over_101,290000000.0,290000000.0,1.0,0.0,0.0,0.0,0.0,1.0,1.0,50.0,52.714285714285715
27260|영남맨션|apartment|over_101,2026-02,27260,apartment,over_101,540000000.0,415000000.0,1.0,0.0,0.0,0.0,0.0,1.0,1.0,100.0,59.85037406483791
27260|영남맨션|apartment|unknown,2026-04,27260,apartment,unknown,0.0,0.0,0.0,1.0,190000000.0,0.0,0.0,0.0,1.0,0.0,20.99391480730223
27260|오성우방|apartment|59,2026-01,27260,apartment,59,0.0,0.0,0.0,2.0,20000000.0,0.0,0.0,0.0,1.0,0.0,17.142857142857142
27260|오성우방|apartment|59,2026-02,27260,apartment,59,220000000.0,220000000.0,1.0,3.0,10000000.0,4.545454545454546,0.0,1.0,1.0,50.0,33.915211970074814
27260|오성우방|apartment|59,2026-03,27260,apartment,59,220000000.0,220000000.0,0.0,4.0,95000000.0,43.18181818181818,0.0,0.0,1.0,50.0,31.79611650485437
27260|오성우방|apartment|59,2026-04,27260,apartment,59,217000000.0,218500000.0,1.0,2.0,5500000.0,2.517162471395881,-0.6818181818181834,3.0,1.0,100.0,50.10141987829615
27260|오성우방|apartment|84,2026-01,27260,apartment,84,270000000.0,270000000.0,1.0,0.0,0.0,0.0,0.0,1.0,1.0,50.0,50.28571428571429
27260|오성우방|apartment|84,2026-02,27260,apartment,84,315000000.0,292500000.0,1.0,1.0,350000000.0,119.65811965811966,0.0,1.0,1.0,100.0,45.137157107231914
27260|오성우방|apartment|unknown,2026-04,27260,apartment,unknown,0.0,0.0,0.0,2.0,5500000.0,0.0,0.0,0.0,1.0,0.0,20.99391480730223
27260|우방2|apartment|59,2026-01,27260,apartment,59,800000000.0,800000000.0,1.0,0.0,0.0,0.0,0.0,1.0,1.0,50.0,85.0
27260|우방2|apartment|59,2026-02,27260,apartment,59,720000000.0,760000000.0,1.0,0.0,0.0,0.0,-5.000000000000004,1.0,1.0,100.0,80.92269326683291
27260|우방2|apartment|74,2026-01,27260,apartment,74,0.0,0.0,0.0,1.0,70100000.0,0.0,0.0,0.0,1.0,0.0,17.142857142857142
27260|우방2|apartment|74,2026-02,27260,apartment,74,0.0,0.0,0.0,1.0,150000000.0,0.0,0.0,0.0,1.0,0.0,10.224438902743142
27260|우방2|apartment|74,2026-03,27260,apartment,74,827000000.0,827000000.0,1.0,0.0,150000000.0,18.13784764207981,0.0,1.0,1.0,100.0,84.46601941747572
27260|우방2|apartment|74,2026-04,27260,apartment,74,827000000.0,827000000.0,0.0,2.0,124000000.0,14.993954050785973,0.0,0.0,1.0,100.0,88.43813387423936
27260|우방2|apartment|84,2026-01,27260,apartment,84,899000000.0,899000000.0,1.0,1.0,3000000.0,0.33370411568409347,0.0,1.0,1.0,33.33333333333333,87.42857142857143
27260|우방2|apartment|84,2026-02,27260,apartment,84,990000000.0,944500000.0,2.0,0.0,3000000.0,0.31762837480148226,0.0,2.0,1.0,100.0,88.02992518703242
27260|우방2|apartment|unknown,2026-04,27260,apartment,unknown,0.0,0.0,0.0,2.0,124000000.0,0.0,0.0,0.0,1.0,0.0,20.99391480730223
27260|우방3차범어타운|apartment|74,2026-01,27260,apartment,74,0.0,0.0,0.0,1.0,95000000.0,0.0,0.0,0.0,1.0,0.0,17.142857142857142
27260|우방3차범어타운|apartment|74,2026-02,27260,apartment,74,0.0,0.0,0.0,1.0,30000000.0,0.0,0.0,0.0,1.0,0.0,10.224438902743142
27260|우방3차범어타운|apartment|74,2026-03,27260,apartment,74,0.0,0.0,0.0,2.0,105000000.0,0.0,0.0,0.0,1.0,0.0,8.859223300970873
27260|우방3차범어타운|apartment|84,2026-01,27260,apartment,84,760000000.0,760000000.0,1.0,2.0,20000000.0,2.631578947368421,0.0,1.0,1.0,50.0,82.28571428571428
27260|우방3차범어타운|apartment|84,2026-02,27260,apartment,84,760000000.0,760000000.0,1.0,0.0,20000000.0,2.631578947368421,0.0,1.0,1.0,100.0,80.92269326683291
27260|우방금탑|apartment|74,2026-01,27260,apartment,74,360000000.0,360000000.0,1.0,1.0,10000000.0,2.7777777777777777,0.0,1.0,1.0,50.0,59.285714285714285
27260|우방금탑|apartment|74,2026-02,27260,apartment,74,360000000.0,360000000.0,0.0,0.0,10000000.0,2.7777777777777777,0.0,0.0,1.0,50.0,52.244389027431424
27260|우방금탑|apartment|74,2026-03,27260,apartment,74,360000000.0,360000000.0,0.0,0.0,10000000.0,2.7777777777777777,0.0,0.0,0.0,50.0,51.213592233009706
27260|우방금탑|apartment|74,2026-04,27260,apartment,74,345000000.0,352500000.0,2.0,1.0,10000000.0,2.8368794326241136,-2.083333333333337,6.0,2.0,100.0,64.90872210953347
27260|우방금탑|apartment|84,2026-04,27260,apartment,84,0.0,0.0,0.0,1.0,30000000.0,0.0,0.0,0.0,1.0,0.0,20.99391480730223
27260|우방금탑|apartment|unknown,2026-04,27260,apartment,unknown,0.0,0.0,0.0,2.0,20000000.0,0.0,0.0,0.0,1.0,0.0,20.99391480730223
27260|우방미진하이츠|apartment|59,2026-01,27260,apartment,59,100000000.0,100000000.0,1.0,1.0,10000000.0,10.0,0.0,1.0,1.0,33.33333333333333,35.14285714285714
27260|우방미진하이츠|apartment|59,2026-02,27260,apartment,59,104000000.0,102000000.0,1.0,2.0,7500000.0,7.352941176470589,0.0,1.0,1.0,66.66666666666666,21.44638403990025
27260|우방미진하이츠|apartment|59,2026-03,27260,apartment,59,190000000.0,146000000.0,1.0,2.0,7500000.0,5.136986301369863,0.0,1.0,1.0,100.0,21.844660194174757
27260|우방미진하이츠|apartment|84,2026-01,27260,apartment,84,0.0,0.0,0.0,1.0,180000000.0,0.0,0.0,0.0,1.0,0.0,17.142857142857142
27260|우방미진하이츠|apartment|84,2026-02,27260,apartment,84,0.0,0.0,0.0,3.0,10000000.0,0.0,0.0,0.0,1.0,0.0,10.224438902743142
27260|우방미진하이츠|apartment|84,2026-03,27260,apartment,84,0.0,0.0,0.0,0.0,10000000.0,0.0,0.0,0.0,1.0,0.0,8.859223300970873
27260|우방미진하이츠|apartment|84,2026-04,27260,apartment,84,245000000.0,245000000.0,1.0,1.0,190000000.0,77.55102040816327,0.0,1.0,1.0,100.0,53.44827586206896
27260|우방미진하이츠|apartment|over_101,2026-01,27260,apartment,over_101,325000000.0,325000000.0,1.0,1.0,280000000.0,86.15384615384616,0.0,1.0,1.0,50.0,57.285714285714285
27260|우방미진하이츠|apartment|over_101,2026-02,27260,apartment,over_101,400000000.0,362500000.0,1.0,1.0,300000000.0,82.75862068965517,0.0,1.0,1.0,100.0,52.618453865336654
27260|우방미진하이츠|apartment|under_40,2026-03,27260,apartment,under_40,0.0,0.0,0.0,1.0,5000000.0,0.0,0.0,0.0,1.0,0.0,8.859223300970873
27260|우방미진하이츠|apartment|unknown,2026-04,27260,apartment,unknown,0.0,0.0,0.0,1.0,190000000.0,0.0,0.0,0.0,1.0,0.0,20.99391480730223
27260|우방사랑마을|apartment|84,2026-01,27260,apartment,84,385000000.0,385000000.0,1.0,0.0,0.0,0.0,0.0,1.0,1.0,33.33333333333333,61.71428571428571
27260|우방사랑마을|apartment|84,2026-02,27260,apartment,84,385000000.0,385000000.0,0.0,1.0,250000000.0,64.93506493506493,0.0,0.0,1.0,33.33333333333333,55.61097256857855
27260|우방사랑마을|apartment|84,2026-03,27260,apartment,84,377000000.0,381000000.0,1.0,0.0,250000000.0,65.61679790026247,-1.0389610389610393,2.0,0.5,66.66666666666666,53.398058252427184
27260|우방사랑마을|apartment|84,2026-04,27260,apartment,84,360000000.0,370500000.0,2.0,1.0,230000000.0,62.07827260458839,-3.766233766233762,3.0,3.0,100.0,65.92292089249493
27260|우방사랑마을|apartment|under_40,2026-01,27260,apartment,under_40,0.0,0.0,0.0,1.0,5000000.0,0.0,0.0,0.0,1.0,0.0,17.142857142857142
27260|우방사랑마을|apartment|under_40,2026-02,27260,apartment,under_40,0.0,0.0,0.0,1.0,5000000.0,0.0,0.0,0.0,1.0,0.0,10.224438902743142
27260|우방사랑마을|apartment|under_40,2026-03,27260,apartment,under_40,0.0,0.0,0.0,1.0,110000000.0,0.0,0.0,0.0,1.0,0.0,8.859223300970873
27260|우방사랑마을|apartment|unknown,2026-04,27260,apartment,unknown,0.0,0.0,0.0,1.0,230000000.0,0.0,0.0,0.0,1.0,0.0,20.99391480730223
27260|우방청솔맨션|apartment|59,2026-01,27260,apartment,59,395000000.0,395000000.0,3.0,2.0,110000000.0,27.848101265822784,0.0,3.0,1.0,100.0,62.857142857142854
27260|우방청솔맨션|apartment|59,2026-02,27260,apartment,59,395000000.0,395000000.0,0.0,1.0,10000000.0,2.5316455696202533,0.0,0.0,1.0,100.0,57.107231920199496
27260|우방청솔맨션|apartment|59,2026-03,27260,apartment,59,395000000.0,395000000.0,0.0,1.0,5000000.0,1.2658227848101267,0.0,0.0,0.0,100.0,55.46116504854369
27260|우방청솔맨션|apartment|59,2026-04,27260,apartment,59,422000000.0,408500000.0,1.0,1.0,10000000.0,2.4479804161566707,0.0,1.0,0.3333333333333333,33.33333333333333,69.1683569979716
27260|우방청솔맨션|apartment|84,2026-02,27260,apartment,84,615000000.0,615000000.0,1.0,0.0,0.0,0.0,0.0,1.0,1.0,100.0,74.68827930174564
27260|우방청솔맨션|apartment|84,2026-03,27260,apartment,84,615000000.0,615000000.0,0.0,0.0,0.0,0.0,0.0,0.0,1.0,100.0,73.7864077669903
27260|우방청솔맨션|apartment|84,2026-04,27260,apartment,84,615000000.0,615000000.0,0.0,2.0,20000000.0,3.2520325203252036,0.0,0.0,0.0,100.0,80.93306288032454
27260|우방청솔맨션|apartment|unknown,2026-04,27260,apartment,unknown,0.0,0.0,0.0,3.0,20000000.0,0.0,0.0,0.0,1.0,0.0,20.99391480730223
27260|우방크로바|apartment|74,2026-02,27260,apartment,74,0.0,0.0,0.0,1.0,20000000.0,0.0,0.0,0.0,1.0,0.0,10.224438902743142
27260|우방크로바|apartment|74,2026-03,27260,apartment,74,0.0,0.0,0.0,2.0,7500000.0,0.0,0.0,0.0,1.0,0.0,8.859223300970873
27260|우방크로바|apartment|84,2026-01,27260,apartment,84,490000000.0,490000000.0,1.0,1.0,30000000.0,6.122448979591836,0.0,1.0,1.0,100.0,70.57142857142857
27260|우방크로바|apartment|84,2026-02,27260,apartment,84,490000000.0,490000000.0,0.0,3.0,20000000.0,4.081632653061225,0.0,0.0,1.0,100.0,66.20947630922693
27260|우방타운|apartment|84,2026-01,27260,apartment,84,284000000.0,284000000.0,4.0,1.0,210000000.0,73.94366197183099,0.0,4.0,1.0,100.0,51.142857142857146
27260|우방타운|apartment|84,2026-02,27260,apartment,84,284000000.0,284000000.0,0.0,3.0,10000000.0,3.5211267605633805,0.0,0.0,1.0,100.0,42.643391521197
27260|우방타운|apartment|84,2026-03,27260,apartment,84,284000000.0,284000000.0,0.0,0.0,10000000.0,3.5211267605633805,0.0,0.0,0.0,100.0,40.29126213592233
27260|우방타운|apartment|84,2026-04,27260,apartment,84,260500000.0,272250000.0,2.0,2.0,230000000.0,84.48117539026629,-4.137323943661975,1.5,0.5,50.0,56.3894523326572
27260|우방타운|apartment|over_101,2026-03,27260,apartment,over_101,0.0,0.0,0.0,1.0,20000000.0,0.0,0.0,0.0,1.0,0.0,8.859223300970873
27260|우방타운|apartment|unknown,2026-04,27260,apartment,unknown,0.0,0.0,0.0,2.0,230000000.0,0.0,0.0,0.0,1.0,0.0,20.99391480730223
27260|우방하이니스|apartment|over_101,2026-01,27260,apartment,over_101,945000000.0,945000000.0,1.0,0.0,0.0,0.0,0.0,1.0,1.0,100.0,89.14285714285714
27260|우방한가람타운|apartment|59,2026-01,27260,apartment,59,0.0,0.0,0.0,1.0,180000000.0,0.0,0.0,0.0,1.0,0.0,17.142857142857142
27260|우방한가람타운|apartment|59,2026-02,27260,apartment,59,0.0,0.0,0.0,2.0,165000000.0,0.0,0.0,0.0,1.0,0.0,10.224438902743142
27260|우방한가람타운|apartment|59,2026-03,27260,apartment,59,225000000.0,225000000.0,1.0,0.0,165000000.0,73.33333333333333,0.0,1.0,1.0,100.0,33.00970873786408
27260|우방한가람타운|apartment|84,2026-01,27260,apartment,84,0.0,0.0,0.0,1.0,80000000.0,0.0,0.0,0.0,1.0,0.0,17.142857142857142
27260|우방한가람타운|apartment|84,2026-02,27260,apartment,84,0.0,0.0,0.0,0.0,80000000.0,0.0,0.0,0.0,1.0,0.0,10.224438902743142
27260|우방한가람타운|apartment|84,2026-03,27260,apartment,84,280000000.0,280000000.0,1.0,1.0,20000000.0,7.142857142857142,0.0,1.0,1.0,100.0,40.04854368932039
27260|우방한가람타운|apartment|84,2026-04,27260,apartment,84,280000000.0,280000000.0,0.0,1.0,20000000.0,7.142857142857142,0.0,0.0,1.0,100.0,56.99797160243407
27260|우방한가람타운|apartment|over_101,2026-04,27260,apartment,over_101,420000000.0,420000000.0,1.0,0.0,0.0,0.0,0.0,1.0,1.0,100.0,70.18255578093306
27260|우방한가람타운|apartment|unknown,2026-04,27260,apartment,unknown,0.0,0.0,0.0,1.0,20000000.0,0.0,0.0,0.0,1.0,0.0,20.99391480730223
27260|유림노르웨이숲|apartment|84,2026-04,27260,apartment,84,905000000.0,905000000.0,1.0,0.0,0.0,0.0,0.0,1.0,1.0,100.0,90.77079107505071
27260|유림노르웨이숲|apartment|over_101,2026-01,27260,apartment,over_101,1050000000.0,1050000000.0,3.0,4.0,550000000.0,52.38095238095239,0.0,3.0,1.0,50.0,91.71428571428571
27260|유림노르웨이숲|apartment|over_101,2026-02,27260,apartment,over_101,1140000000.0,1095000000.0,1.0,0.0,550000000.0,50.2283105022831,0.0,0.3333333333333333,1.0,66.66666666666666,92.643391521197
27260|유림노르웨이숲|apartment|over_101,2026-03,27260,apartment,over_101,1140000000.0,1117500000.0,0.0,0.0,550000000.0,49.21700223713646,0.0,0.0,0.16666666666666666,66.66666666666666,92.47572815533981
27260|유림노르웨이숲|apartment|over_101,2026-04,27260,apartment,over_101,1030000000.0,1073750000.0,5.0,0.0,550000000.0,51.222351571594885,-3.914988814317677,3.75,1.25,100.0,93.71196754563894
27260|유성푸르나임|apartment|84,2026-01,27260,apartment,84,523500000.0,523500000.0,2.0,0.0,0.0,0.0,0.0,2.0,1.0,40.0,71.71428571428572
27260|유성푸르나임|apartment|84,2026-02,27260,apartment,84,538500000.0,531000000.0,2.0,1.0,20000000.0,3.766478342749529,0.0,1.0,1.0,80.0,69.07730673316709
27260|유성푸르나임|apartment|84,2026-03,27260,apartment,84,578000000.0,554500000.0,1.0,1.0,300000000.0,54.102795311091064,0.0,0.5,0.75,100.0,68.20388349514563
27260|유성푸르나임|apartment|84,2026-04,27260,apartment,84,405000000.0,479750000.0,1.0,0.0,300000000.0,62.53256904637831,-13.480613165013523,0.6,0.5,80.0,74.2393509127789
27260|유성푸르나임르노블|apartment|over_101,2026-01,27260,apartment,over_101,403000000.0,403000000.0,1.0,0.0,0.0,0.0,0.0,1.0,1.0,25.0,63.714285714285715
27260|유성푸르나임르노블|apartment|over_101,2026-02,27260,apartment,over_101,420000000.0,411500000.0,3.0,0.0,0.0,0.0,0.0,3.0,1.0,100.0,59.22693266832918
27260|은세계|apartment|59,2026-01,27260,apartment,59,0.0,0.0,0.0,1.0,10000000.0,0.0,0.0,0.0,1.0,0.0,17.142857142857142
27260|은세계|apartment|59,2026-02,27260,apartment,59,0.0,0.0,0.0,0.0,10000000.0,0.0,0.0,0.0,1.0,0.0,10.224438902743142
27260|은세계|apartment|59,2026-03,27260,apartment,59,0.0,0.0,0.0,1.0,10000000.0,0.0,0.0,0.0,1.0,0.0,8.859223300970873
27260|은세계|apartment|84,2026-01,27260,apartment,84,0.0,0.0,0.0,1.0,210000000.0,0.0,0.0,0.0,1.0,0.0,17.142857142857142
27260|은세계|apartment|84,2026-02,27260,apartment,84,0.0,0.0,0.0,1.0,230000000.0,0.0,0.0,0.0,1.0,0.0,10.224438902743142
27260|은세계|apartment|84,2026-03,27260,apartment,84,0.0,0.0,0.0,0.0,230000000.0,0.0,0.0,0.0,1.0,0.0,8.859223300970873
27260|은세계|apartment|84,2026-04,27260,apartment,84,0.0,0.0,0.0,1.0,30000000.0,0.0,0.0,0.0,1.0,0.0,20.99391480730223
27260|은세계|apartment|unknown,2026-04,27260,apartment,unknown,0.0,0.0,0.0,1.0,30000000.0,0.0,0.0,0.0,1.0,0.0,20.99391480730223
27260|을지맨션|apartment|74,2026-01,27260,apartment,74,920000000.0,920000000.0,2.0,0.0,0.0,0.0,0.0,2.0,1.0,40.0,88.28571428571429
27260|을지맨션|apartment|74,2026-02,27260,apartment,74,930000000.0,925000000.0,3.0,1.0,20000000.0,2.1621621621621623,0.0,1.5,1.0,100.0,87.1571072319202
27260|을지맨션|apartment|74,2026-03,27260,apartment,74,930000000.0,927500000.0,0.0,0.0,20000000.0,2.15633423180593,0.0,0.0,0.75,100.0,87.13592233009709
27260|을지맨션|apartment|74,2026-04,27260,apartment,74,897500000.0,912500000.0,2.0,3.0,170000000.0,18.63013698630137,-1.6172506738544423,1.2,0.4,100.0,91.07505070993915
27260|을지맨션|apartment|over_101,2026-01,27260,apartment,over_101,1325000000.0,1325000000.0,1.0,0.0,0.0,0.0,0.0,1.0,1.0,100.0,96.28571428571429
27260|을지맨션|apartment|unknown,2026-04,27260,apartment,unknown,0.0,0.0,0.0,3.0,170000000.0,0.0,0.0,0.0,1.0,0.0,20.99391480730223
27260|장원맨션|apartment|84,2026-01,27260,apartment,84,0.0,0.0,0.0,6.0,50000000.0,0.0,0.0,0.0,1.0,0.0,17.142857142857142
27260|장원맨션|apartment|84,2026-02,27260,apartment,84,890000000.0,890000000.0,1.0,3.0,30000000.0,3.3707865168539324,0.0,1.0,1.0,50.0,86.78304239401497
27260|장원맨션|apartment|84,2026-03,27260,apartment,84,890000000.0,890000000.0,1.0,1.0,30000000.0,3.3707865168539324,0.0,2.0,1.0,100.0,86.89320388349515
27260|장원맨션|apartment|84,2026-04,27260,apartment,84,890000000.0,890000000.0,0.0,2.0,90000000.0,10.112359550561797,0.0,0.0,1.0,100.0,90.26369168356997
27260|장원맨션|apartment|over_101,2026-01,27260,apartment,over_101,0.0,0.0,0.0,2.0,75000000.0,0.0,0.0,0.0,1.0,0.0,17.142857142857142
27260|장원맨션|apartment|over_101,2026-02,27260,apartment,over_101,1127500000.0,1127500000.0,2.0,4.0,425000000.0,37.6940133037694,0.0,2.0,1.0,100.0,93.51620947630923
27260|장원맨션|apartment|over_101,2026-03,27260,apartment,over_101,1127500000.0,1127500000.0,0.0,1.0,50000000.0,4.434589800443459,0.0,0.0,1.0,100.0,92.96116504854369
27260|장원맨션|apartment|over_101,2026-04,27260,apartment,over_101,1127500000.0,1127500000.0,0.0,1.0,400000000.0,35.47671840354767,0.0,0.0,0.0,100.0,95.33468559837728
27260|장원맨션|apartment|unknown,2026-04,27260,apartment,unknown,0.0,0.0,0.0,3.0,150000000.0,0.0,0.0,0.0,1.0,0.0,20.99391480730223
27260|정화우방팔레스|apartment|84,2026-02,27260,apartment,84,350000000.0,350000000.0,1.0,0.0,0.0,0.0,0.0,1.0,1.0,100.0,51.74563591022444
27260|정화우방팔레스|apartment|over_101,2026-01,27260,apartment,over_101,0.0,0.0,0.0,1.0,350000000.0,0.0,0.0,0.0,1.0,0.0,17.142857142857142
27260|정화우방팔레스|apartment|over_101,2026-02,27260,apartment,over_101,0.0,0.0,0.0,0.0,350000000.0,0.0,0.0,0.0,1.0,0.0,10.224438902743142
27260|정화우방팔레스|apartment|over_101,2026-03,27260,apartment,over_101,527000000.0,527000000.0,2.0,0.0,350000000.0,66.41366223908919,0.0,2.0,1.0,100.0,66.2621359223301
27260|제림은탑맨션|apartment|59,2026-03,27260,apartment,59,159000000.0,159000000.0,1.0,1.0,135000000.0,84.90566037735849,0.0,1.0,1.0,100.0,24.75728155339806
27260|제림은탑맨션|apartment|over_101,2026-03,27260,apartment,over_101,0.0,0.0,0.0,1.0,280000000.0,0.0,0.0,0.0,1.0,0.0,8.859223300970873
27260|지산2단지|apartment|59,2026-01,27260,apartment,59,160500000.0,160500000.0,2.0,4.0,50000000.0,31.15264797507788,0.0,2.0,1.0,20.0,39.42857142857143
27260|지산2단지|apartment|59,2026-02,27260,apartment,59,122500000.0,141500000.0,4.0,2.0,10000000.0,7.06713780918728,-11.838006230529597,2.0,1.0,60.0,24.688279301745634
27260|지산2단지|apartment|59,2026-03,27260,apartment,59,125000000.0,133250000.0,4.0,4.0,115000000.0,86.30393996247655,-16.978193146417443,1.3333333333333333,2.0,100.0,20.145631067961165
27260|지산2단지|apartment|59,2026-04,27260,apartment,59,160000000.0,146625000.0,1.0,3.0,87000000.0,59.33503836317136,-8.644859813084116,0.3,0.8333333333333334,90.0,44.21906693711968
27260|지산2단지|apartment|unknown,2026-04,27260,apartment,unknown,0.0,0.0,0.0,3.0,87000000.0,0.0,0.0,0.0,1.0,0.0,20.99391480730223
27260|지산대우로얄|apartment|84,2026-02,27260,apartment,84,211000000.0,211000000.0,1.0,0.0,0.0,0.0,0.0,1.0,1.0,100.0,32.418952618453865
27260|지산서한이다음아파트|apartment|59,2026-01,27260,apartment,59,90000000.0,90000000.0,1.0,3.0,10000000.0,11.11111111111111,0.0,1.0,1.0,33.33333333333333,34.85714285714286
27260|지산서한이다음아파트|apartment|59,2026-02,27260,apartment,59,180000000.0,135000000.0,1.0,2.0,10000000.0,7.4074074074074066,0.0,1.0,1.0,66.66666666666666,23.690773067331673
27260|지산서한이다음아파트|apartment|59,2026-03,27260,apartment,59,165000000.0,150000000.0,1.0,2.0,12500000.0,8.333333333333332,0.0,1.0,1.0,100.0,23.54368932038835
27260|지산서한이다음아파트|apartment|59,2026-04,27260,apartment,59,165000000.0,157500000.0,0.0,1.0,20000000.0,12.698412698412698,0.0,0.0,0.5,66.66666666666666,45.84178498985801
27260|지산서한이다음아파트|apartment|74,2026-01,27260,apartment,74,170000000.0,170000000.0,1.0,0.0,0.0,0.0,0.0,1.0,1.0,50.0,40.0
27260|지산서한이다음아파트|apartment|74,2026-02,27260,apartment,74,170000000.0,170000000.0,0.0,0.0,0.0,0.0,0.0,0.0,1.0,50.0,27.431421446384043
27260|지산서한이다음아파트|apartment|74,2026-03,27260,apartment,74,170000000.0,170000000.0,1.0,2.0,10000000.0,5.88235294117647,0.0,2.0,0.5,100.0,25.970873786407765
27260|지산서한이다음아파트|apartment|unknown,2026-04,27260,apartment,unknown,0.0,0.0,0.0,1.0,20000000.0,0.0,0.0,0.0,1.0,0.0,20.99391480730223
27260|지산타운|apartment|59,2026-01,27260,apartment,59,140000000.0,140000000.0,2.0,5.0,10000000.0,7.142857142857142,0.0,2.0,1.0,28.57142857142857,37.42857142857143
27260|지산타운|apartment|59,2026-02,27260,apartment,59,100000000.0,120000000.0,1.0,2.0,7500000.0,6.25,-14.28571428571429,0.5,1.0,42.857142857142854,21.94513715710723
27260|지산타운|apartment|59,2026-03,27260,apartment,59,134000000.0,127000000.0,3.0,6.0,46500000.0,36.61417322834646,-9.285714285714286,2.0,1.0,85.71428571428571,19.902912621359224
27260|지산타운|apartment|59,2026-04,27260,apartment,59,150000000.0,138500000.0,3.0,5.0,10000000.0,7.2202166064981945,-1.0714285714285676,1.5,2.0,100.0,43.81338742393509
27260|지산타운|apartment|under_40,2026-01,27260,apartment,under_40,0.0,0.0,0.0,1.0,85000000.0,0.0,0.0,0.0,1.0,0.0,17.142857142857142
27260|지산타운|apartment|under_40,2026-02,27260,apartment,under_40,0.0,0.0,0.0,1.0,95000000.0,0.0,0.0,0.0,1.0,0.0,10.224438902743142
27260|지산타운|apartment|under_40,2026-03,27260,apartment,under_40,118000000.0,118000000.0,1.0,0.0,95000000.0,80.50847457627118,0.0,1.0,1.0,100.0,18.932038834951456
27260|지산타운|apartment|under_40,2026-04,27260,apartment,under_40,118000000.0,118000000.0,0.0,1.0,88200000.0,74.7457627118644,0.0,0.0,1.0,100.0,42.190669371196755
27260|지산타운|apartment|unknown,2026-04,27260,apartment,unknown,0.0,0.0,0.0,6.0,49100000.0,0.0,0.0,0.0,1.0,0.0,20.99391480730223
27260|지산한라타운|apartment|59,2026-01,27260,apartment,59,160000000.0,160000000.0,3.0,5.0,20000000.0,12.5,0.0,3.0,1.0,60.0,39.14285714285714
27260|지산한라타운|apartment|59,2026-02,27260,apartment,59,188000000.0,174000000.0,1.0,5.0,10000000.0,5.747126436781609,0.0,0.3333333333333333,1.0,80.0,27.93017456359102
27260|지산한라타운|apartment|59,2026-03,27260,apartment,59,125000000.0,149500000.0,1.0,6.0,12500000.0,8.361204013377927,-14.080459770114938,0.5,0.3333333333333333,100.0,23.300970873786408
27260|지산한라타운|apartment|59,2026-04,27260,apartment,59,163500000.0,156500000.0,3.0,0.0,12500000.0,7.987220447284344,-10.057471264367813,1.7999999999999998,1.0,100.0,45.436105476673426
27260|지산화성파크드림|apartment|84,2026-01,27260,apartment,84,0.0,0.0,0.0,1.0,20000000.0,0.0,0.0,0.0,1.0,0.0,17.142857142857142
27260|지산화성파크드림|apartment|84,2026-02,27260,apartment,84,298000000.0,298000000.0,1.0,1.0,20000000.0,6.7114093959731544,0.0,1.0,1.0,50.0,45.6359102244389
27260|지산화성파크드림|apartment|84,2026-03,27260,apartment,84,298000000.0,298000000.0,0.0,0.0,20000000.0,6.7114093959731544,0.0,0.0,1.0,50.0,42.961165048543684
27260|지산화성파크드림|apartment|84,2026-04,27260,apartment,84,315000000.0,306500000.0,1.0,0.0,20000000.0,6.525285481239804,0.0,3.0,1.0,100.0,59.43204868154158
27260|천가지꿈|apartment|84,2026-04,27260,apartment,84,290000000.0,290000000.0,2.0,0.0,0.0,0.0,0.0,2.0,1.0,100.0,57.606490872210955
27260|천마타운|apartment|84,2026-01,27260,apartment,84,0.0,0.0,0.0,1.0,220000000.0,0.0,0.0,0.0,1.0,0.0,17.142857142857142
27260|천마타운|apartment|84,2026-02,27260,apartment,84,0.0,0.0,0.0,0.0,220000000.0,0.0,0.0,0.0,1.0,0.0,10.224438902743142
27260|천마타운|apartment|84,2026-03,27260,apartment,84,0.0,0.0,0.0,3.0,50000000.0,0.0,0.0,0.0,1.0,0.0,8.859223300970873
27260|천마타운|apartment|84,2026-04,27260,apartment,84,335000000.0,335000000.0,1.0,0.0,50000000.0,14.925373134328357,0.0,1.0,1.0,100.0,62.88032454361054
27260|천마타운|apartment|over_101,2026-01,27260,apartment,over_101,410000000.0,410000000.0,1.0,2.0,290000000.0,70.73170731707317,0.0,1.0,1.0,25.0,64.28571428571429
27260|천마타운|apartment|over_101,2026-02,27260,apartment,over_101,410000000.0,410000000.0,0.0,4.0,285000000.0,69.51219512195121,0.0,0.0,1.0,25.0,58.728179551122196
27260|천마타운|apartment|over_101,2026-03,27260,apartment,over_101,448000000.0,429000000.0,1.0,1.0,30000000.0,6.993006993006993,0.0,2.0,0.5,50.0,58.98058252427184
27260|천마타운|apartment|over_101,2026-04,27260,apartment,over_101,463000000.0,446000000.0,3.0,0.0,30000000.0,6.726457399103139,0.0,4.5,4.0,100.0,71.6024340770791
27260|청구빌라맨션|apartment|59,2026-02,27260,apartment,59,330000000.0,330000000.0,1.0,0.0,0.0,0.0,0.0,1.0,1.0,100.0,50.374064837905244
27260|청구빌라맨션|apartment|84,2026-01,27260,apartment,84,0.0,0.0,0.0,2.0,56500000.0,0.0,0.0,0.0,1.0,0.0,17.142857142857142
27260|청구성조타운|apartment|59,2026-01,27260,apartment,59,270000000.0,270000000.0,1.0,2.0,10000000.0,3.7037037037037033,0.0,1.0,1.0,33.33333333333333,50.28571428571429
27260|청구성조타운|apartment|59,2026-02,27260,apartment,59,255000000.0,262500000.0,1.0,2.0,110000000.0,41.904761904761905,-2.777777777777779,1.0,1.0,66.66666666666666,39.900249376558605
27260|청구성조타운|apartment|59,2026-03,27260,apartment,59,257000000.0,259750000.0,1.0,1.0,20000000.0,7.699711260827718,-3.7962962962962976,1.0,1.0,100.0,37.37864077669903
27260|청구성조타운|apartment|59,2026-04,27260,apartment,59,243000000.0,251375000.0,1.0,2.0,100000000.0,39.781203381402285,-6.898148148148153,1.0,1.0,100.0,54.563894523326574
27260|청구성조타운|apartment|74,2026-01,27260,apartment,74,360000000.0,360000000.0,1.0,0.0,0.0,0.0,0.0,1.0,1.0,100.0,59.285714285714285
27260|청구성조타운|apartment|84,2026-01,27260,apartment,84,346000000.0,346000000.0,1.0,0.0,0.0,0.0,0.0,1.0,1.0,50.0,58.57142857142858
27260|청구성조타운|apartment|84,2026-02,27260,apartment,84,353000000.0,349500000.0,1.0,0.0,0.0,0.0,0.0,1.0,1.0,100.0,51.3715710723192
27260|청구성조타운|apartment|84,2026-03,27260,apartment,84,353000000.0,351250000.0,0.0,1.0,250000000.0,71.17437722419929,0.0,0.0,0.5,100.0,50.48543689320388
27260|청구성조타운|apartment|84,2026-04,27260,apartment,84,353000000.0,352125000.0,0.0,2.0,20000000.0,5.679801206957757,0.0,0.0,0.0,50.0,64.70588235294117
27260|청구성조타운|apartment|over_101,2026-02,27260,apartment,over_101,0.0,0.0,0.0,1.0,310000000.0,0.0,0.0,0.0,1.0,0.0,10.224438902743142
27260|청구성조타운|apartment|unknown,2026-04,27260,apartment,unknown,0.0,0.0,0.0,4.0,20000000.0,0.0,0.0,0.0,1.0,0.0,20.99391480730223
27260|청구전원타운|apartment|59,2026-01,27260,apartment,59,0.0,0.0,0.0,3.0,120000000.0,0.0,0.0,0.0,1.0,0.0,17.142857142857142
27260|청구전원타운|apartment|59,2026-02,27260,apartment,59,200000000.0,200000000.0,1.0,0.0,120000000.0,60.0,0.0,1.0,1.0,33.33333333333333,31.296758104738153
27260|청구전원타운|apartment|59,2026-03,27260,apartment,59,190000000.0,195000000.0,1.0,2.0,120000000.0,61.53846153846154,-2.500000000000002,2.0,1.0,66.66666666666666,29.004854368932037
27260|청구전원타운|apartment|59,2026-04,27260,apartment,59,177000000.0,186000000.0,1.0,2.0,155000000.0,83.33333333333334,-6.999999999999995,1.5,2.0,100.0,48.073022312373226
27260|청구전원타운|apartment|74,2026-01,27260,apartment,74,0.0,0.0,0.0,1.0,20000000.0,0.0,0.0,0.0,1.0,0.0,17.142857142857142
27260|청구전원타운|apartment|74,2026-02,27260,apartment,74,0.0,0.0,0.0,0.0,20000000.0,0.0,0.0,0.0,1.0,0.0,10.224438902743142
27260|청구전원타운|apartment|74,2026-03,27260,apartment,74,0.0,0.0,0.0,1.0,180000000.0,0.0,0.0,0.0,1.0,0.0,8.859223300970873
27260|청구전원타운|apartment|74,2026-04,27260,apartment,74,254000000.0,254000000.0,2.0,0.0,180000000.0,70.86614173228347,0.0,2.0,1.0,100.0,55.172413793103445
27260|청구전원타운|apartment|84,2026-01,27260,apartment,84,0.0,0.0,0.0,1.0,180000000.0,0.0,0.0,0.0,1.0,0.0,17.142857142857142
27260|청구전원타운|apartment|over_101,2026-01,27260,apartment,over_101,0.0,0.0,0.0,1.0,30000000.0,0.0,0.0,0.0,1.0,0.0,17.142857142857142
27260|청구전원타운|apartment|over_101,2026-02,27260,apartment,over_101,438500000.0,438500000.0,2.0,0.0,30000000.0,6.841505131128849,0.0,2.0,1.0,66.66666666666666,62.094763092269325
27260|청구전원타운|apartment|over_101,2026-03,27260,apartment,over_101,438500000.0,438500000.0,0.0,0.0,30000000.0,6.841505131128849,0.0,0.0,1.0,66.66666666666666,60.19417475728155
27260|청구전원타운|apartment|over_101,2026-04,27260,apartment,over_101,380000000.0,409250000.0,1.0,0.0,30000000.0,7.330482590103848,-6.67046750285063,1.5,0.5,100.0,69.3711967545639
27260|청구전원타운|apartment|unknown,2026-04,27260,apartment,unknown,0.0,0.0,0.0,2.0,155000000.0,0.0,0.0,0.0,1.0,0.0,20.99391480730223
27260|청구중동|apartment|59,2026-04,27260,apartment,59,0.0,0.0,0.0,1.0,5000000.0,0.0,0.0,0.0,1.0,0.0,20.99391480730223
27260|청구중동|apartment|unknown,2026-04,27260,apartment,unknown,0.0,0.0,0.0,1.0,5000000.0,0.0,0.0,0.0,1.0,0.0,20.99391480730223
27260|청구타운|apartment|59,2026-01,27260,apartment,59,180000000.0,180000000.0,3.0,0.0,0.0,0.0,0.0,3.0,1.0,100.0,41.714285714285715
27260|청구타운|apartment|59,2026-02,27260,apartment,59,180000000.0,180000000.0,0.0,0.0,0.0,0.0,0.0,0.0,1.0,100.0,29.42643391521197
27260|청구타운|apartment|59,2026-03,27260,apartment,59,180000000.0,180000000.0,0.0,0.0,0.0,0.0,0.0,0.0,0.0,100.0,27.305825242718445
27260|청구타운|apartment|59,2026-04,27260,apartment,59,212000000.0,196000000.0,1.0,1.0,95000000.0,48.46938775510204,0.0,1.0,0.3333333333333333,33.33333333333333,48.782961460446245
27260|청구타운|apartment|84,2026-01,27260,apartment,84,0.0,0.0,0.0,1.0,180000000.0,0.0,0.0,0.0,1.0,0.0,17.142857142857142
27260|청구타운|apartment|84,2026-02,27260,apartment,84,233500000.0,233500000.0,2.0,1.0,10000000.0,4.282655246252676,0.0,2.0,1.0,28.57142857142857,36.15960099750624
27260|청구타운|apartment|84,2026-03,27260,apartment,84,229000000.0,231250000.0,4.0,2.0,95000000.0,41.08108108108108,-0.9635974304068484,4.0,1.0,85.71428571428571,33.980582524271846
27260|청구타운|apartment|84,2026-04,27260,apartment,84,247000000.0,239125000.0,1.0,1.0,150000000.0,62.72869837950863,0.0,0.5,2.5,100.0,52.129817444219064
27260|청구타운|apartment|over_101,2026-01,27260,apartment,over_101,0.0,0.0,0.0,1.0,270000000.0,0.0,0.0,0.0,1.0,0.0,17.142857142857142
27260|청구타운|apartment|over_101,2026-02,27260,apartment,over_101,0.0,0.0,0.0,1.0,20000000.0,0.0,0.0,0.0,1.0,0.0,10.224438902743142
27260|청구타운|apartment|over_101,2026-03,27260,apartment,over_101,355000000.0,355000000.0,1.0,0.0,20000000.0,5.633802816901409,0.0,1.0,1.0,50.0,50.970873786407765
27260|청구타운|apartment|over_101,2026-04,27260,apartment,over_101,290000000.0,322500000.0,1.0,0.0,20000000.0,6.2015503875969,-9.154929577464788,3.0,1.0,100.0,61.05476673427992
27260|청구타운|apartment|unknown,2026-04,27260,apartment,unknown,0.0,0.0,0.0,2.0,122500000.0,0.0,0.0,0.0,1.0,0.0,20.99391480730223
27260|청구하이츠|apartment|59,2026-01,27260,apartment,59,0.0,0.0,0.0,1.0,5000000.0,0.0,0.0,0.0,1.0,0.0,17.142857142857142
27260|청구호반맨션|apartment|84,2026-02,27260,apartment,84,0.0,0.0,0.0,1.0,160000000.0,0.0,0.0,0.0,1.0,0.0,10.224438902743142
27260|청구호반맨션|apartment|84,2026-03,27260,apartment,84,222500000.0,222500000.0,1.0,0.0,160000000.0,71.91011235955057,0.0,1.0,1.0,100.0,32.40291262135923
27260|청구호반맨션|apartment|over_101,2026-01,27260,apartment,over_101,238000000.0,238000000.0,1.0,0.0,0.0,0.0,0.0,1.0,1.0,100.0,46.57142857142857
27260|청림리더스103동|apartment|84,2026-02,27260,apartment,84,185000000.0,185000000.0,1.0,0.0,0.0,0.0,0.0,1.0,1.0,100.0,30.049875311720697
27260|청아타운|apartment|84,2026-01,27260,apartment,84,201500000.0,201500000.0,2.0,1.0,150000000.0,74.44168734491315,0.0,2.0,1.0,25.0,43.142857142857146
27260|청아타운|apartment|84,2026-02,27260,apartment,84,220000000.0,210750000.0,3.0,1.0,170000000.0,80.66429418742585,0.0,1.5,1.0,62.5,32.16957605985037
27260|청아타운|apartment|84,2026-03,27260,apartment,84,206500000.0,208625000.0,2.0,3.0,150000000.0,71.8993409227082,-1.0083036773428256,0.8,1.25,87.5,30.097087378640776
27260|청아타운|apartment|84,2026-04,27260,apartment,84,205000000.0,206812500.0,3.0,1.0,175000000.0,84.61770927772741,-1.868327402135228,1.2857142857142856,1.0,100.0,49.69574036511156
27260|청아타운|apartment|over_101,2026-01,27260,apartment,over_101,300000000.0,300000000.0,2.0,0.0,0.0,0.0,0.0,2.0,1.0,50.0,54.142857142857146
27260|청아타운|apartment|over_101,2026-02,27260,apartment,over_101,300000000.0,300000000.0,0.0,0.0,0.0,0.0,0.0,0.0,1.0,50.0,46.38403990024938
27260|청아타운|apartment|over_101,2026-03,27260,apartment,over_101,292000000.0,296000000.0,2.0,3.0,20000000.0,6.756756756756757,-1.3333333333333308,2.0,0.5,100.0,42.4757281553398
27260|청아타운|apartment|unknown,2026-04,27260,apartment,unknown,0.0,0.0,0.0,1.0,175000000.0,0.0,0.0,0.0,1.0,0.0,20.99391480730223
27260|청원|apartment|84,2026-01,27260,apartment,84,315000000.0,315000000.0,1.0,0.0,0.0,0.0,0.0,1.0,1.0,100.0,55.42857142857143
27260|칸타빌황금아파트|apartment|84,2026-01,27260,apartment,84,340000000.0,340000000.0,1.0,1.0,200000000.0,58.82352941176471,0.0,1.0,1.0,100.0,57.99999999999999
27260|캐슬골드파크1단지|apartment|59,2026-01,27260,apartment,59,287000000.0,287000000.0,1.0,0.0,0.0,0.0,0.0,1.0,1.0,33.33333333333333,52.142857142857146
27260|캐슬골드파크1단지|apartment|59,2026-02,27260,apartment,59,285000000.0,286000000.0,1.0,1.0,20000000.0,6.993006993006993,-0.34843205574912606,1.0,1.0,66.66666666666666,43.391521197007485
27260|캐슬골드파크1단지|apartment|59,2026-03,27260,apartment,59,345000000.0,315500000.0,1.0,0.0,20000000.0,6.3391442155309035,0.0,1.0,1.0,100.0,45.87378640776699
27260|캐슬골드파크1단지|apartment|59,2026-04,27260,apartment,59,347000000.0,331250000.0,1.0,1.0,20000000.0,6.037735849056604,0.0,1.0,1.0,100.0,62.27180527383367
27260|캐슬골드파크1단지|apartment|84,2026-01,27260,apartment,84,548000000.0,548000000.0,5.0,3.0,330000000.0,60.21897810218978,0.0,5.0,1.0,55.55555555555556,72.28571428571429
27260|캐슬골드파크1단지|apartment|84,2026-02,27260,apartment,84,550000000.0,549000000.0,1.0,0.0,330000000.0,60.10928961748634,0.0,0.2,1.0,66.66666666666666,70.32418952618454
27260|캐슬골드파크1단지|apartment|84,2026-03,27260,apartment,84,518000000.0,533500000.0,3.0,1.0,340000000.0,63.73008434864105,-2.823315118397085,1.0,0.4,100.0,67.47572815533981
27260|캐슬골드파크1단지|apartment|84,2026-04,27260,apartment,84,535000000.0,534250000.0,5.0,0.0,340000000.0,63.64061768834816,-2.686703096539167,1.6666666666666667,1.3333333333333333,100.0,76.67342799188641
27260|캐슬골드파크1단지|apartment|over_101,2026-03,27260,apartment,over_101,685000000.0,685000000.0,1.0,2.0,255000000.0,37.22627737226277,0.0,1.0,1.0,50.0,77.66990291262135
27260|캐슬골드파크1단지|apartment|over_101,2026-04,27260,apartment,over_101,660000000.0,672500000.0,1.0,1.0,350000000.0,52.04460966542751,-1.8248175182481785,1.0,1.0,100.0,84.17849898580123
27260|캐슬골드파크1단지|apartment|unknown,2026-04,27260,apartment,unknown,0.0,0.0,0.0,2.0,185000000.0,0.0,0.0,0.0,1.0,0.0,20.99391480730223
27260|캐슬골드파크2단지|apartment|74,2026-02,27260,apartment,74,530500000.0,530500000.0,2.0,0.0,0.0,0.0,0.0,2.0,1.0,100.0,68.82793017456359
27260|캐슬골드파크2단지|apartment|74,2026-03,27260,apartment,74,530500000.0,530500000.0,0.0,1.0,310000000.0,58.435438265787,0.0,0.0,1.0,100.0,66.99029126213593
27260|캐슬골드파크2단지|apartment|74,2026-04,27260,apartment,74,530500000.0,530500000.0,0.0,1.0,30000000.0,5.655042412818096,0.0,0.0,0.0,100.0,76.47058823529412
27260|캐슬골드파크2단지|apartment|84,2026-01,27260,apartment,84,0.0,0.0,0.0,1.0,20000000.0,0.0,0.0,0.0,1.0,0.0,17.142857142857142
27260|캐슬골드파크2단지|apartment|84,2026-02,27260,apartment,84,649000000.0,649000000.0,1.0,0.0,20000000.0,3.0816640986132513,0.0,1.0,1.0,50.0,77.0573566084788
27260|캐슬골드파크2단지|apartment|84,2026-03,27260,apartment,84,570000000.0,609500000.0,1.0,0.0,20000000.0,3.281378178835111,-6.0862865947611695,2.0,1.0,100.0,73.30097087378641
27260|캐슬골드파크2단지|apartment|over_101,2026-02,27260,apartment,over_101,0.0,0.0,0.0,2.0,290000000.0,0.0,0.0,0.0,1.0,0.0,10.224438902743142
27260|캐슬골드파크2단지|apartment|over_101,2026-03,27260,apartment,over_101,0.0,0.0,0.0,0.0,290000000.0,0.0,0.0,0.0,1.0,0.0,8.859223300970873
27260|캐슬골드파크2단지|apartment|over_101,2026-04,27260,apartment,over_101,670000000.0,670000000.0,1.0,0.0,290000000.0,43.28358208955223,0.0,1.0,1.0,100.0,83.97565922920892
27260|캐슬골드파크2단지|apartment|unknown,2026-04,27260,apartment,unknown,0.0,0.0,0.0,1.0,30000000.0,0.0,0.0,0.0,1.0,0.0,20.99391480730223
27260|캐슬골드파크3단지|apartment|59,2026-02,27260,apartment,59,360000000.0,360000000.0,1.0,0.0,0.0,0.0,0.0,1.0,1.0,100.0,52.244389027431424
27260|캐슬골드파크3단지|apartment|84,2026-01,27260,apartment,84,515000000.0,515000000.0,1.0,0.0,0.0,0.0,0.0,1.0,1.0,100.0,71.28571428571429
27260|캐슬골드파크3단지|apartment|over_101,2026-01,27260,apartment,over_101,0.0,0.0,0.0,2.0,160000000.0,0.0,0.0,0.0,1.0,0.0,17.142857142857142
27260|캐슬골드파크3단지|apartment|over_101,2026-02,27260,apartment,over_101,0.0,0.0,0.0,1.0,30000000.0,0.0,0.0,0.0,1.0,0.0,10.224438902743142
27260|캐슬골드파크3단지|apartment|over_101,2026-03,27260,apartment,over_101,0.0,0.0,0.0,2.0,40000000.0,0.0,0.0,0.0,1.0,0.0,8.859223300970873
27260|캐슬골드파크3단지|apartment|over_101,2026-04,27260,apartment,over_101,0.0,0.0,0.0,1.0,390000000.0,0.0,0.0,0.0,1.0,0.0,20.99391480730223
27260|캐슬골드파크3단지|apartment|unknown,2026-04,27260,apartment,unknown,0.0,0.0,0.0,1.0,390000000.0,0.0,0.0,0.0,1.0,0.0,20.99391480730223
27260|캐슬골드파크4단지|apartment|59,2026-01,27260,apartment,59,393500000.0,393500000.0,2.0,0.0,0.0,0.0,0.0,2.0,1.0,66.66666666666666,62.57142857142857
27260|캐슬골드파크4단지|apartment|59,2026-02,27260,apartment,59,395000000.0,394250000.0,1.0,1.0,250000000.0,63.41154090044389,0.0,0.5,1.0,100.0,56.60847880299252
27260|캐슬골드파크4단지|apartment|59,2026-03,27260,apartment,59,395000000.0,394625000.0,0.0,1.0,20000000.0,5.068102629078239,0.0,0.0,0.25,100.0,55.09708737864077
27260|캐슬골드파크4단지|apartment|59,2026-04,27260,apartment,59,395000000.0,394812500.0,0.0,2.0,145000000.0,36.726294126959,0.0,0.0,0.0,33.33333333333333,68.35699797160242
27260|캐슬골드파크4단지|apartment|74,2026-01,27260,apartment,74,0.0,0.0,0.0,1.0,300000000.0,0.0,0.0,0.0,1.0,0.0,17.142857142857142
27260|캐슬골드파크4단지|apartment|84,2026-01,27260,apartment,84,515000000.0,515000000.0,1.0,0.0,0.0,0.0,0.0,1.0,1.0,100.0,71.28571428571429
27260|캐슬골드파크4단지|apartment|84,2026-02,27260,apartment,84,515000000.0,515000000.0,0.0,0.0,0.0,0.0,0.0,0.0,1.0,100.0,67.70573566084788
27260|캐슬골드파크4단지|apartment|84,2026-03,27260,apartment,84,515000000.0,515000000.0,0.0,2.0,185000000.0,35.92233009708738,0.0,0.0,0.0,100.0,65.29126213592234
27260|캐슬골드파크4단지|apartment|84,2026-04,27260,apartment,84,515000000.0,515000000.0,0.0,2.0,340000000.0,66.01941747572816,0.0,0.0,0.0,0.0,76.06490872210954
27260|캐슬골드파크4단지|apartment|over_101,2026-01,27260,apartment,over_101,715000000.0,715000000.0,3.0,2.0,397500000.0,55.59440559440559,0.0,3.0,1.0,60.0,80.0
27260|캐슬골드파크4단지|apartment|over_101,2026-02,27260,apartment,over_101,800000000.0,757500000.0,1.0,2.0,575000000.0,75.9075907590759,0.0,0.3333333333333333,1.0,80.0,80.29925187032418
27260|캐슬골드파크4단지|apartment|over_101,2026-03,27260,apartment,over_101,808000000.0,782750000.0,1.0,3.0,400000000.0,51.10188438198659,0.0,0.5,0.3333333333333333,100.0,81.55339805825243
27260|캐슬골드파크4단지|apartment|over_101,2026-04,27260,apartment,over_101,808000000.0,795375000.0,0.0,3.0,50000000.0,6.286342920006287,0.0,0.0,0.25,40.0,87.62677484787018
27260|캐슬골드파크4단지|apartment|unknown,2026-04,27260,apartment,unknown,0.0,0.0,0.0,7.0,270000000.0,0.0,0.0,0.0,1.0,0.0,20.99391480730223
27260|캐슬골드파크5단지|apartment|84,2026-01,27260,apartment,84,0.0,0.0,0.0,2.0,185000000.0,0.0,0.0,0.0,1.0,0.0,17.142857142857142
27260|캐슬골드파크5단지|apartment|84,2026-02,27260,apartment,84,488000000.0,488000000.0,1.0,1.0,330000000.0,67.62295081967213,0.0,1.0,1.0,16.666666666666664,65.83541147132169
27260|캐슬골드파크5단지|apartment|84,2026-03,27260,apartment,84,509000000.0,498500000.0,1.0,1.0,310000000.0,62.18655967903711,0.0,2.0,1.0,33.33333333333333,64.32038834951457
27260|캐슬골드파크5단지|apartment|84,2026-04,27260,apartment,84,512000000.0,505250000.0,4.0,3.0,330000000.0,65.3142008906482,0.0,6.0,5.0,100.0,75.65922920892496
27260|캐슬골드파크5단지|apartment|over_101,2026-01,27260,apartment,over_101,0.0,0.0,0.0,1.0,388500000.0,0.0,0.0,0.0,1.0,0.0,17.142857142857142
27260|캐슬골드파크5단지|apartment|over_101,2026-02,27260,apartment,over_101,0.0,0.0,0.0,1.0,30000000.0,0.0,0.0,0.0,1.0,0.0,10.224438902743142
27260|캐슬골드파크5단지|apartment|over_101,2026-03,27260,apartment,over_101,610000000.0,610000000.0,2.0,3.0,100000000.0,16.39344262295082,0.0,2.0,1.0,66.66666666666666,73.54368932038835
27260|캐슬골드파크5단지|apartment|over_101,2026-04,27260,apartment,over_101,610000000.0,610000000.0,1.0,1.0,380000000.0,62.295081967213115,0.0,1.5,1.0,100.0,80.52738336713996
27260|캐슬골드파크5단지|apartment|unknown,2026-04,27260,apartment,unknown,0.0,0.0,0.0,4.0,335000000.0,0.0,0.0,0.0,1.0,0.0,20.99391480730223
27260|코리아파크|apartment|74,2026-01,27260,apartment,74,220000000.0,220000000.0,1.0,0.0,0.0,0.0,0.0,1.0,1.0,100.0,44.714285714285715
27260|태왕4하이츠|apartment|74,2026-01,27260,apartment,74,280000000.0,280000000.0,3.0,0.0,0.0,0.0,0.0,3.0,1.0,75.0,50.857142857142854
27260|태왕4하이츠|apartment|74,2026-02,27260,apartment,74,280000000.0,280000000.0,0.0,0.0,0.0,0.0,0.0,0.0,1.0,75.0,42.269326683291766
27260|태왕4하이츠|apartment|74,2026-03,27260,apartment,74,298000000.0,289000000.0,1.0,0.0,0.0,0.0,0.0,0.6666666666666666,0.16666666666666666,100.0,41.74757281553398
27260|태왕4하이츠|apartment|84,2026-03,27260,apartment,84,382000000.0,382000000.0,1.0,1.0,265000000.0,69.3717277486911,0.0,1.0,1.0,100.0,53.640776699029125
27260|태왕4하이츠|apartment|84,2026-04,27260,apartment,84,382000000.0,382000000.0,0.0,1.0,260000000.0,68.06282722513089,0.0,0.0,1.0,100.0,67.34279918864098
27260|태왕4하이츠|apartment|over_101,2026-03,27260,apartment,over_101,370000000.0,370000000.0,1.0,0.0,0.0,0.0,0.0,1.0,1.0,50.0,52.30582524271845
27260|태왕4하이츠|apartment|over_101,2026-04,27260,apartment,over_101,343000000.0,356500000.0,1.0,0.0,0.0,0.0,-3.6486486486486447,1.0,1.0,100.0,65.31440162271805
27260|태왕4하이츠|apartment|unknown,2026-04,27260,apartment,unknown,0.0,0.0,0.0,1.0,260000000.0,0.0,0.0,0.0,1.0,0.0,20.99391480730223
27260|태왕리더스|apartment|84,2026-01,27260,apartment,84,239000000.0,239000000.0,1.0,2.0,200000000.0,83.68200836820083,0.0,1.0,1.0,14.285714285714285,47.0
27260|태왕리더스|apartment|84,2026-02,27260,apartment,84,289000000.0,264000000.0,2.0,2.0,105000000.0,39.77272727272727,0.0,2.0,1.0,42.857142857142854,40.14962593516209
27260|태왕리더스|apartment|84,2026-03,27260,apartment,84,263000000.0,263500000.0,3.0,1.0,200000000.0,75.90132827324479,-0.18939393939394478,2.0,2.5,85.71428571428571,37.62135922330097
27260|태왕리더스|apartment|84,2026-04,27260,apartment,84,241500000.0,252500000.0,2.0,2.0,110000000.0,43.56435643564357,-4.356060606060607,1.0,1.6666666666666667,100.0,54.96957403651116
27260|태왕리더스|apartment|unknown,2026-04,27260,apartment,unknown,0.0,0.0,0.0,2.0,110000000.0,0.0,0.0,0.0,1.0,0.0,20.99391480730223
27260|태왕아너스|apartment|101,2026-01,27260,apartment,101,0.0,0.0,0.0,2.0,150000000.0,0.0,0.0,0.0,1.0,0.0,17.142857142857142
27260|태왕아너스|apartment|101,2026-02,27260,apartment,101,850000000.0,850000000.0,1.0,1.0,650000000.0,76.47058823529412,0.0,1.0,1.0,100.0,85.16209476309227
27260|태왕아너스|apartment|over_101,2026-02,27260,apartment,over_101,1480000000.0,1480000000.0,2.0,3.0,900000000.0,60.810810810810814,0.0,2.0,1.0,66.66666666666666,97.2568578553616
27260|태왕아너스|apartment|over_101,2026-03,27260,apartment,over_101,1480000000.0,1480000000.0,0.0,0.0,900000000.0,60.810810810810814,0.0,0.0,1.0,66.66666666666666,97.57281553398059
27260|태왕아너스|apartment|over_101,2026-04,27260,apartment,over_101,1600000000.0,1540000000.0,1.0,0.0,900000000.0,58.44155844155844,0.0,1.0,0.25,100.0,98.17444219066938
27260|태왕유성하이빌|apartment|84,2026-01,27260,apartment,84,0.0,0.0,0.0,1.0,50000000.0,0.0,0.0,0.0,1.0,0.0,17.142857142857142
27260|태왕유성하이빌|apartment|84,2026-02,27260,apartment,84,0.0,0.0,0.0,0.0,50000000.0,0.0,0.0,0.0,1.0,0.0,10.224438902743142
27260|태왕유성하이빌|apartment|84,2026-03,27260,apartment,84,0.0,0.0,0.0,0.0,50000000.0,0.0,0.0,0.0,1.0,0.0,8.859223300970873
27260|태왕유성하이빌|apartment|84,2026-04,27260,apartment,84,665000000.0,665000000.0,2.0,0.0,50000000.0,7.518796992481203,0.0,2.0,1.0,100.0,83.56997971602435
27260|태왕유성하이빌|apartment|over_101,2026-03,27260,apartment,over_101,800000000.0,800000000.0,1.0,0.0,0.0,0.0,0.0,1.0,1.0,100.0,83.37378640776699
27260|태왕하이츠1|apartment|59,2026-02,27260,apartment,59,213000000.0,213000000.0,1.0,0.0,0.0,0.0,0.0,1.0,1.0,50.0,32.917705735660846
27260|태왕하이츠1|apartment|59,2026-03,27260,apartment,59,213000000.0,213000000.0,0.0,1.0,10000000.0,4.694835680751173,0.0,0.0,1.0,50.0,30.8252427184466
27260|태왕하이츠1|apartment|59,2026-04,27260,apartment,59,220000000.0,216500000.0,1.0,1.0,10000000.0,4.618937644341801,0.0,2.0,0.5,100.0,49.89858012170386
27260|태왕하이츠1|apartment|74,2026-01,27260,apartment,74,0.0,0.0,0.0,1.0,20000000.0,0.0,0.0,0.0,1.0,0.0,17.142857142857142
27260|태왕하이츠1|apartment|74,2026-02,27260,apartment,74,0.0,0.0,0.0,0.0,20000000.0,0.0,0.0,0.0,1.0,0.0,10.224438902743142
27260|태왕하이츠1|apartment|74,2026-03,27260,apartment,74,0.0,0.0,0.0,1.0,20000000.0,0.0,0.0,0.0,1.0,0.0,8.859223300970873
27260|태왕하이츠1|apartment|74,2026-04,27260,apartment,74,265000000.0,265000000.0,1.0,0.0,20000000.0,7.547169811320755,0.0,1.0,1.0,100.0,55.78093306288032
27260|태왕하이츠1|apartment|84,2026-01,27260,apartment,84,316000000.0,316000000.0,1.0,0.0,0.0,0.0,0.0,1.0,1.0,100.0,55.714285714285715
27260|태왕하이츠1|apartment|84,2026-02,27260,apartment,84,316000000.0,316000000.0,0.0,1.0,200000000.0,63.29113924050633,0.0,0.0,1.0,100.0,49.12718204488778
27260|태왕하이츠1|apartment|84,2026-03,27260,apartment,84,316000000.0,316000000.0,0.0,1.0,210000000.0,66.45569620253164,0.0,0.0,0.0,100.0,46.116504854368934
27260|태왕하이츠1|apartment|unknown,2026-04,27260,apartment,unknown,0.0,0.0,0.0,1.0,10000000.0,0.0,0.0,0.0,1.0,0.0,20.99391480730223
27260|태왕하이츠2|apartment|74,2026-01,27260,apartment,74,0.0,0.0,0.0,1.0,180000000.0,0.0,0.0,0.0,1.0,0.0,17.142857142857142
27260|태왕하이츠2|apartment|74,2026-02,27260,apartment,74,0.0,0.0,0.0,1.0,200000000.0,0.0,0.0,0.0,1.0,0.0,10.224438902743142
27260|태왕하이츠2|apartment|74,2026-03,27260,apartment,74,0.0,0.0,0.0,1.0,20000000.0,0.0,0.0,0.0,1.0,0.0,8.859223300970873
27260|태왕하이츠2|apartment|74,2026-04,27260,apartment,74,220000000.0,220000000.0,1.0,0.0,20000000.0,9.090909090909092,0.0,1.0,1.0,100.0,50.50709939148072
27260|태왕하이츠2|apartment|84,2026-01,27260,apartment,84,287000000.0,287000000.0,1.0,0.0,0.0,0.0,0.0,1.0,1.0,33.33333333333333,52.142857142857146
27260|태왕하이츠2|apartment|84,2026-02,27260,apartment,84,287000000.0,287000000.0,0.0,1.0,230000000.0,80.13937282229965,0.0,0.0,1.0,33.33333333333333,43.64089775561097
27260|태왕하이츠2|apartment|84,2026-03,27260,apartment,84,310000000.0,298500000.0,1.0,0.0,230000000.0,77.05192629815745,0.0,2.0,0.5,66.66666666666666,43.44660194174757
27260|태왕하이츠2|apartment|84,2026-04,27260,apartment,84,283500000.0,291000000.0,2.0,0.0,230000000.0,79.03780068728523,-2.5125628140703515,3.0,3.0,100.0,57.809330628803245
27260|태왕하이츠리버뷰|apartment|84,2026-01,27260,apartment,84,452500000.0,452500000.0,2.0,0.0,0.0,0.0,0.0,2.0,1.0,100.0,68.0
27260|태왕하이츠리버뷰|apartment|84,2026-02,27260,apartment,84,452500000.0,452500000.0,0.0,0.0,0.0,0.0,0.0,0.0,1.0,100.0,63.092269326683294
27260|태왕하이츠리버뷰|apartment|84,2026-03,27260,apartment,84,452500000.0,452500000.0,0.0,0.0,0.0,0.0,0.0,0.0,0.0,100.0,61.6504854368932
27260|태왕하이츠리버뷰|apartment|84,2026-04,27260,apartment,84,460000000.0,456250000.0,1.0,1.0,280000000.0,61.369863013698634,0.0,1.5,0.5,50.0,73.02231237322515
27260|태왕하이츠리버뷰|apartment|over_101,2026-04,27260,apartment,over_101,585000000.0,585000000.0,1.0,2.0,30000000.0,5.128205128205128,0.0,1.0,1.0,100.0,79.5131845841785
27260|태왕하이츠리버뷰|apartment|unknown,2026-04,27260,apartment,unknown,0.0,0.0,0.0,3.0,30000000.0,0.0,0.0,0.0,1.0,0.0,20.99391480730223
27260|하나타운|apartment|59,2026-01,27260,apartment,59,149000000.0,149000000.0,3.0,7.0,10000000.0,6.7114093959731544,0.0,3.0,1.0,37.5,38.57142857142858
27260|하나타운|apartment|59,2026-02,27260,apartment,59,142500000.0,145750000.0,4.0,6.0,50000000.0,34.305317324185246,-2.181208053691275,1.3333333333333333,1.0,87.5,25.187032418952622
27260|하나타운|apartment|59,2026-03,27260,apartment,59,171000000.0,158375000.0,1.0,8.0,35000000.0,22.099447513812155,0.0,0.2857142857142857,0.8333333333333334,100.0,24.514563106796118
27260|하나타운|apartment|59,2026-04,27260,apartment,59,161000000.0,159687500.0,2.0,1.0,10000000.0,6.262230919765166,0.0,0.75,0.42857142857142855,87.5,46.24746450304259
27260|하나타운|apartment|unknown,2026-04,27260,apartment,unknown,0.0,0.0,0.0,1.0,10000000.0,0.0,0.0,0.0,1.0,0.0,20.99391480730223
27260|한도|apartment|59,2026-01,27260,apartment,59,1080000000.0,1080000000.0,4.0,0.0,0.0,0.0,0.0,4.0,1.0,100.0,93.14285714285714
27260|한도노블리스|apartment|84,2026-02,27260,apartment,84,270000000.0,270000000.0,1.0,0.0,0.0,0.0,0.0,1.0,1.0,100.0,41.271820448877804
27260|한도노블리스|apartment|over_101,2026-01,27260,apartment,over_101,540000000.0,540000000.0,1.0,0.0,0.0,0.0,0.0,1.0,1.0,100.0,72.0
27260|한도맨션|apartment|over_101,2026-04,27260,apartment,over_101,580000000.0,580000000.0,1.0,0.0,0.0,0.0,0.0,1.0,1.0,100.0,78.90466531440163
27260|한라자연|apartment|74,2026-01,27260,apartment,74,0.0,0.0,0.0,1.0,10000000.0,0.0,0.0,0.0,1.0,0.0,17.142857142857142
27260|한라자연|apartment|74,2026-02,27260,apartment,74,0.0,0.0,0.0,0.0,10000000.0,0.0,0.0,0.0,1.0,0.0,10.224438902743142
27260|한라자연|apartment|74,2026-03,27260,apartment,74,0.0,0.0,0.0,1.0,10000000.0,0.0,0.0,0.0,1.0,0.0,8.859223300970873
27260|한라자연|apartment|84,2026-04,27260,apartment,84,0.0,0.0,0.0,1.0,130000000.0,0.0,0.0,0.0,1.0,0.0,20.99391480730223
27260|한라자연|apartment|unknown,2026-04,27260,apartment,unknown,0.0,0.0,0.0,1.0,130000000.0,0.0,0.0,0.0,1.0,0.0,20.99391480730223
27260|한라하우젠트|apartment|84,2026-01,27260,apartment,84,304000000.0,304000000.0,2.0,0.0,0.0,0.0,0.0,2.0,1.0,66.66666666666666,54.57142857142857
27260|한라하우젠트|apartment|84,2026-02,27260,apartment,84,304000000.0,304000000.0,0.0,3.0,240000000.0,78.94736842105263,0.0,0.0,1.0,66.66666666666666,47.13216957605985
27260|한라하우젠트|apartment|84,2026-03,27260,apartment,84,388000000.0,346000000.0,1.0,1.0,25000000.0,7.225433526011561,0.0,1.0,0.25,100.0,50.0
27260|한라하우젠트|apartment|84,2026-04,27260,apartment,84,330000000.0,338000000.0,1.0,1.0,20000000.0,5.9171597633136095,-2.3121387283236983,1.0,1.0,66.66666666666666,63.28600405679513
27260|한라하우젠트|apartment|unknown,2026-04,27260,apartment,unknown,0.0,0.0,0.0,1.0,20000000.0,0.0,0.0,0.0,1.0,0.0,20.99391480730223
27260|한일유앤아이|apartment|84,2026-02,27260,apartment,84,350000000.0,350000000.0,3.0,1.0,250000000.0,71.42857142857143,0.0,3.0,1.0,42.857142857142854,51.74563591022444
27260|한일유앤아이|apartment|84,2026-03,27260,apartment,84,330000000.0,340000000.0,3.0,2.0,145000000.0,42.64705882352941,-2.857142857142858,1.0,1.0,85.71428571428571,49.029126213592235
27260|한일유앤아이|apartment|84,2026-04,27260,apartment,84,313000000.0,326500000.0,1.0,2.0,210000000.0,64.31852986217457,-6.714285714285717,0.3333333333333333,0.6666666666666666,100.0,61.66328600405679
27260|한일유앤아이|apartment|unknown,2026-04,27260,apartment,unknown,0.0,0.0,0.0,2.0,210000000.0,0.0,0.0,0.0,1.0,0.0,20.99391480730223
27260|해링턴플레이스만촌|apartment|84,2026-02,27260,apartment,84,0.0,0.0,0.0,3.0,500000000.0,0.0,0.0,0.0,1.0,0.0,10.224438902743142
27260|해링턴플레이스만촌|apartment|84,2026-03,27260,apartment,84,1062500000.0,1062500000.0,2.0,2.0,265000000.0,24.941176470588236,0.0,2.0,1.0,100.0,91.2621359223301
27260|현대맨션|apartment|84,2026-01,27260,apartment,84,239000000.0,239000000.0,2.0,0.0,0.0,0.0,0.0,2.0,1.0,100.0,47.0
27260|현대맨션|apartment|84,2026-02,27260,apartment,84,239000000.0,239000000.0,0.0,1.0,20000000.0,8.368200836820083,0.0,0.0,1.0,100.0,37.406483790523694
27260|현대청림|apartment|59,2026-01,27260,apartment,59,0.0,0.0,0.0,1.0,10000000.0,0.0,0.0,0.0,1.0,0.0,17.142857142857142
27260|현대청림|apartment|59,2026-02,27260,apartment,59,0.0,0.0,0.0,0.0,10000000.0,0.0,0.0,0.0,1.0,0.0,10.224438902743142
27260|현대청림|apartment|59,2026-03,27260,apartment,59,191500000.0,191500000.0,1.0,0.0,10000000.0,5.221932114882506,0.0,1.0,1.0,100.0,28.640776699029125
27260|현대청림|apartment|84,2026-01,27260,apartment,84,240000000.0,240000000.0,1.0,0.0,0.0,0.0,0.0,1.0,1.0,100.0,47.57142857142857
27260|현대청림|apartment|under_40,2026-03,27260,apartment,under_40,0.0,0.0,0.0,1.0,10000000.0,0.0,0.0,0.0,1.0,0.0,8.859223300970873
27260|협화맨션|apartment|84,2026-01,27260,apartment,84,0.0,0.0,0.0,1.0,180000000.0,0.0,0.0,0.0,1.0,0.0,17.142857142857142
27260|협화맨션|apartment|84,2026-02,27260,apartment,84,242000000.0,242000000.0,3.0,3.0,20000000.0,8.264462809917356,0.0,3.0,1.0,42.857142857142854,38.02992518703242
27260|협화맨션|apartment|84,2026-03,27260,apartment,84,249000000.0,245500000.0,3.0,3.0,20000000.0,8.146639511201629,0.0,2.0,1.0,85.71428571428571,35.67961165048544
27260|협화맨션|apartment|84,2026-04,27260,apartment,84,242000000.0,243750000.0,1.0,0.0,20000000.0,8.205128205128204,-0.7128309572301372,0.5,1.3333333333333333,100.0,53.14401622718052
27260|호반써밋수성|apartment|84,2026-01,27260,apartment,84,760000000.0,760000000.0,1.0,0.0,0.0,0.0,0.0,1.0,1.0,100.0,82.28571428571428
27260|호반써밋수성|apartment|over_101,2026-03,27260,apartment,over_101,0.0,0.0,0.0,1.0,30000000.0,0.0,0.0,0.0,1.0,0.0,8.859223300970873
27260|화성고려파크뷰|apartment|over_101,2026-04,27260,apartment,over_101,750000000.0,750000000.0,1.0,0.0,0.0,0.0,0.0,1.0,1.0,100.0,85.80121703853956
27260|화성맨션|apartment|84,2026-01,27260,apartment,84,0.0,0.0,0.0,1.0,20000000.0,0.0,0.0,0.0,1.0,0.0,17.142857142857142
27260|화성맨션|apartment|84,2026-02,27260,apartment,84,0.0,0.0,0.0,1.0,20000000.0,0.0,0.0,0.0,1.0,0.0,10.224438902743142
27260|화성맨션|apartment|84,2026-03,27260,apartment,84,254500000.0,254500000.0,2.0,3.0,170000000.0,66.7976424361493,0.0,2.0,1.0,100.0,36.89320388349515
27260|화성맨션|apartment|84,2026-04,27260,apartment,84,254500000.0,254500000.0,0.0,1.0,190000000.0,74.65618860510806,0.0,0.0,1.0,100.0,55.375253549695735
27260|화성맨션|apartment|over_101,2026-03,27260,apartment,over_101,320000000.0,320000000.0,1.0,0.0,0.0,0.0,0.0,1.0,1.0,100.0,46.72330097087379
27260|화성맨션|apartment|unknown,2026-04,27260,apartment,unknown,0.0,0.0,0.0,1.0,190000000.0,0.0,0.0,0.0,1.0,0.0,20.99391480730223
27260|화성파크리젠시|apartment|over_101,2026-01,27260,apartment,over_101,0.0,0.0,0.0,1.0,150000000.0,0.0,0.0,0.0,1.0,0.0,17.142857142857142
27260|화성파크리젠시|apartment|over_101,2026-02,27260,apartment,over_101,0.0,0.0,0.0,0.0,150000000.0,0.0,0.0,0.0,1.0,0.0,10.224438902743142
27260|화성파크리젠시|apartment|over_101,2026-03,27260,apartment,over_101,650000000.0,650000000.0,1.0,1.0,400000000.0,61.53846153846154,0.0,1.0,1.0,100.0,75.8495145631068
27260|화성파크뷰|apartment|84,2026-01,27260,apartment,84,230000000.0,230000000.0,1.0,0.0,0.0,0.0,0.0,1.0,1.0,50.0,46.0
27260|화성파크뷰|apartment|84,2026-02,27260,apartment,84,230000000.0,230000000.0,0.0,0.0,0.0,0.0,0.0,0.0,1.0,50.0,35.785536159601
27260|화성파크뷰|apartment|84,2026-03,27260,apartment,84,235000000.0,232500000.0,1.0,0.0,0.0,0.0,0.0,2.0,0.5,100.0,34.34466019417476
27260|황금동한화오벨리스크|apartment|over_101,2026-01,27260,apartment,over_101,0.0,0.0,0.0,1.0,50000000.0,0.0,0.0,0.0,1.0,0.0,17.142857142857142
27260|황금동한화오벨리스크|apartment|over_101,2026-02,27260,apartment,over_101,0.0,0.0,0.0,2.0,215000000.0,0.0,0.0,0.0,1.0,0.0,10.224438902743142
27260|효성백년가약궁|apartment|over_101,2026-04,27260,apartment,over_101,920000000.0,920000000.0,1.0,0.0,0.0,0.0,0.0,1.0,1.0,100.0,91.27789046653145
27260|힐스테이트만촌역|apartment|59,2026-01,27260,apartment,59,0.0,0.0,0.0,1.0,50000000.0,0.0,0.0,0.0,1.0,0.0,17.142857142857142
27260|힐스테이트만촌역|apartment|84,2026-01,27260,apartment,84,1000000000.0,1000000000.0,1.0,0.0,0.0,0.0,0.0,1.0,1.0,100.0,90.28571428571428
27260|힐스테이트만촌역|apartment|84,2026-02,27260,apartment,84,1000000000.0,1000000000.0,0.0,0.0,0.0,0.0,0.0,0.0,1.0,100.0,90.02493765586036
27260|힐스테이트만촌역|apartment|84,2026-03,27260,apartment,84,1000000000.0,1000000000.0,0.0,4.0,300000000.0,30.0,0.0,0.0,0.0,100.0,89.32038834951457
27260|힐스테이트만촌역|apartment|84,2026-04,27260,apartment,84,1000000000.0,1000000000.0,0.0,2.0,625000000.0,62.5,0.0,0.0,0.0,0.0,92.69776876267748
27260|힐스테이트만촌역|apartment|over_101,2026-03,27260,apartment,over_101,0.0,0.0,0.0,1.0,100000000.0,0.0,0.0,0.0,1.0,0.0,8.859223300970873
27260|힐스테이트만촌역|apartment|over_101,2026-04,27260,apartment,over_101,1690000000.0,1690000000.0,1.0,1.0,950000000.0,56.213017751479285,0.0,1.0,1.0,100.0,98.88438133874239
27260|힐스테이트만촌역|apartment|unknown,2026-04,27260,apartment,unknown,0.0,0.0,0.0,3.0,670000000.0,0.0,0.0,0.0,1.0,0.0,20.99391480730223
27260|힐스테이트범어|apartment|74,2026-04,27260,apartment,74,0.0,0.0,0.0,1.0,610000000.0,0.0,0.0,0.0,1.0,0.0,20.99391480730223
27260|힐스테이트범어|apartment|84,2026-01,27260,apartment,84,1616250000.0,1616250000.0,2.0,3.0,765000000.0,47.33178654292343,0.0,2.0,1.0,20.0,98.85714285714286
27260|힐스테이트범어|apartment|84,2026-02,27260,apartment,84,1670000000.0,1643125000.0,4.0,4.0,335000000.0,20.387980220616203,0.0,2.0,1.0,60.0,98.50374064837905
27260|힐스테이트범어|apartment|84,2026-03,27260,apartment,84,1692500000.0,1667812500.0,4.0,3.0,820000000.0,49.166198238710884,0.0,1.3333333333333333,2.0,100.0,98.7864077669903
27260|힐스테이트범어|apartment|84,2026-04,27260,apartment,84,1660000000.0,1663906250.0,1.0,3.0,840000000.0,50.48361348483426,-0.23421397789019638,0.3,0.8333333333333334,90.0,98.58012170385395
27260|힐스테이트범어|apartment|over_101,2026-02,27260,apartment,over_101,2220000000.0,2220000000.0,1.0,0.0,0.0,0.0,0.0,1.0,1.0,100.0,99.75062344139651
27260|힐스테이트범어|apartment|unknown,2026-04,27260,apartment,unknown,0.0,0.0,0.0,4.0,740000000.0,0.0,0.0,0.0,1.0,0.0,20.99391480730223
27260|힐스테이트범어센트럴|apartment|84,2026-01,27260,apartment,84,990000000.0,990000000.0,7.0,5.0,470000000.0,47.474747474747474,0.0,7.0,1.0,46.666666666666664,90.0
27260|힐스테이트범어센트럴|apartment|84,2026-02,27260,apartment,84,1003000000.0,996500000.0,6.0,3.0,470000000.0,47.16507777220271,0.0,0.8571428571428571,1.0,86.66666666666667,89.77556109725685
27260|힐스테이트범어센트럴|apartment|84,2026-03,27260,apartment,84,990000000.0,993250000.0,2.0,3.0,480000000.0,48.32620186257237,-0.32614149523331193,0.3076923076923077,0.5714285714285714,100.0,89.07766990291263
27260|힐스테이트범어센트럴|apartment|84,2026-04,27260,apartment,84,1050000000.0,1021625000.0,1.0,4.0,432500000.0,42.334516089563195,0.0,0.2,0.23076923076923078,60.0,92.90060851926978
27260|힐스테이트범어센트럴|apartment|unknown,2026-04,27260,apartment,unknown,0.0,0.0,0.0,4.0,432500000.0,0.0,0.0,0.0,1.0,0.0,20.99391480730223
27260|힐스테이트황금동|apartment|59,2026-01,27260,apartment,59,578000000.0,578000000.0,1.0,1.0,20000000.0,3.4602076124567476,0.0,1.0,1.0,20.0,74.57142857142857
27260|힐스테이트황금동|apartment|59,2026-02,27260,apartment,59,629000000.0,603500000.0,3.0,0.0,20000000.0,3.3140016570008286,0.0,3.0,1.0,80.0,74.06483790523691
27260|힐스테이트황금동|apartment|59,2026-03,27260,apartment,59,585000000.0,594250000.0,1.0,0.0,20000000.0,3.3655868742111905,-1.5327257663628857,0.5,2.0,100.0,71.60194174757282
27260|힐스테이트황금동|apartment|59,2026-04,27260,apartment,59,630000000.0,612125000.0,1.0,2.0,140000000.0,22.871145599346537,0.0,0.6,0.5,100.0,80.73022312373224
27260|힐스테이트황금동|apartment|84,2026-01,27260,apartment,84,770000000.0,770000000.0,3.0,4.0,385000000.0,50.0,0.0,3.0,1.0,23.076923076923077,83.0
27260|힐스테이트황금동|apartment|84,2026-02,27260,apartment,84,778000000.0,774000000.0,9.0,5.0,380000000.0,49.09560723514212,0.0,3.0,1.0,92.3076923076923,81.79551122194513
27260|힐스테이트황금동|apartment|84,2026-03,27260,apartment,84,847000000.0,810500000.0,1.0,3.0,400000000.0,49.35225169648365,0.0,0.16666666666666666,1.6666666666666667,100.0,83.7378640776699
27260|힐스테이트황금동|apartment|84,2026-04,27260,apartment,84,847000000.0,828750000.0,0.0,4.0,40000000.0,4.826546003016592,0.0,0.0,0.08333333333333333,76.92307692307693,88.64097363083164
27260|힐스테이트황금동|apartment|unknown,2026-04,27260,apartment,unknown,0.0,0.0,0.0,6.0,40000000.0,0.0,0.0,0.0,1.0,0.0,20.99391480730223
27260|힐스테이트황금엘포레|apartment|74,2026-01,27260,apartment,74,859000000.0,859000000.0,1.0,0.0,0.0,0.0,0.0,1.0,1.0,16.666666666666664,86.85714285714286
27260|힐스테이트황금엘포레|apartment|74,2026-02,27260,apartment,74,882500000.0,870750000.0,2.0,0.0,0.0,0.0,0.0,2.0,1.0,50.0,86.0349127182045
27260|힐스테이트황금엘포레|apartment|74,2026-03,27260,apartment,74,858500000.0,864625000.0,2.0,4.0,342500000.0,39.61254879282926,-0.7034165948894611,1.3333333333333333,2.0,83.33333333333334,85.43689320388349
27260|힐스테이트황금엘포레|apartment|74,2026-04,27260,apartment,74,867500000.0,866062500.0,2.0,3.0,340000000.0,39.25813668182146,-0.5383290267011231,1.2,1.3333333333333333,100.0,89.65517241379311
27260|힐스테이트황금엘포레|apartment|84,2026-01,27260,apartment,84,915000000.0,915000000.0,5.0,2.0,225000000.0,24.59016393442623,0.0,5.0,1.0,50.0,87.85714285714286
27260|힐스테이트황금엘포레|apartment|84,2026-02,27260,apartment,84,940000000.0,927500000.0,3.0,7.0,389000000.0,41.94070080862534,0.0,0.6,1.0,80.0,87.53117206982543
27260|힐스테이트황금엘포레|apartment|84,2026-03,27260,apartment,84,980000000.0,953750000.0,2.0,5.0,350000000.0,36.69724770642202,0.0,0.5,0.5,100.0,87.62135922330097
27260|힐스테이트황금엘포레|apartment|84,2026-04,27260,apartment,84,940000000.0,946875000.0,3.0,5.0,405000000.0,42.772277227722775,-0.7208387942332917,0.8999999999999999,0.625,80.0,91.68356997971603
27260|힐스테이트황금엘포레|apartment|unknown,2026-04,27260,apartment,unknown,0.0,0.0,0.0,8.0,355000000.0,0.0,0.0,0.0,1.0,0.0,20.99391480730223
27260|힐스테이트황금역리저브1단지|apartment|84,2026-01,27260,apartment,84,830000000.0,830000000.0,1.0,3.0,100000000.0,12.048192771084338,0.0,1.0,1.0,100.0,85.71428571428571
27260|힐스테이트황금역리저브1단지|apartment|84,2026-02,27260,apartment,84,830000000.0,830000000.0,0.0,0.0,100000000.0,12.048192771084338,0.0,0.0,1.0,100.0,84.53865336658353
27260|힐스테이트황금역리저브1단지|apartment|84,2026-03,27260,apartment,84,830000000.0,830000000.0,0.0,1.0,30000000.0,3.614457831325301,0.0,0.0,0.0,100.0,84.83009708737865
27260|힐스테이트황금역리저브2단지|apartment|84,2026-01,27260,apartment,84,0.0,0.0,0.0,3.0,350000000.0,0.0,0.0,0.0,1.0,0.0,17.142857142857142
27260|힐스테이트황금역리저브2단지|apartment|84,2026-02,27260,apartment,84,0.0,0.0,0.0,2.0,250000000.0,0.0,0.0,0.0,1.0,0.0,10.224438902743142
27260|힐스테이트황금역리저브2단지|apartment|84,2026-03,27260,apartment,84,0.0,0.0,0.0,3.0,370000000.0,0.0,0.0,0.0,1.0,0.0,8.859223300970873
27260|힐스테이트황금역리저브2단지|apartment|84,2026-04,27260,apartment,84,0.0,0.0,0.0,2.0,220000000.0,0.0,0.0,0.0,1.0,0.0,20.99391480730223
27260|힐스테이트황금역리저브2단지|apartment|unknown,2026-04,27260,apartment,unknown,0.0,0.0,0.0,2.0,220000000.0,0.0,0.0,0.0,1.0,0.0,20.99391480730223
